ukuran,jumlah_gambar
"(678, 452)",31
"(390, 280)",25
"(738, 414)",23
"(547, 365)",23
"(500, 333)",17
"(638, 480)",16
"(554, 554)",16
"(447, 447)",15
"(654, 468)",12
"(500, 375)",11
"(515, 388)",11
"(597, 335)",10
"(2500, 2500)",10
"(500, 500)",10
"(389, 280)",9
"(600, 504)",9
"(335, 597)",8
"(400, 400)",8
"(480, 640)",8
"(387, 516)",8
"(1280, 720)",8
"(1200, 800)",8
"(600, 400)",7
"(260, 280)",7
"(525, 350)",7
"(500, 420)",7
"(500, 281)",6
"(549, 364)",6
"(1024, 683)",6
"(800, 534)",6
"(364, 280)",5
"(640, 427)",5
"(400, 600)",5
"(480, 638)",5
"(500, 667)",5
"(375, 375)",5
"(800, 533)",5
"(255, 280)",5
"(600, 480)",5
"(242, 280)",5
"(225, 225)",5
"(612, 408)",4
"(500, 334)",4
"(360, 360)",4
"(545, 366)",4
"(280, 250)",4
"(376, 277)",4
"(307, 280)",4
"(320, 280)",4
"(273, 280)",4
"(390, 277)",4
"(528, 378)",4
"(325, 280)",4
"(165, 151)",4
"(417, 626)",4
"(1024, 535)",4
"(250, 280)",4
"(203, 280)",4
"(346, 427)",4
"(373, 280)",3
"(692, 442)",3
"(738, 411)",3
"(640, 479)",3
"(415, 739)",3
"(479, 365)",3
"(442, 333)",3
"(386, 518)",3
"(1200, 675)",3
"(1920, 1080)",3
"(631, 485)",3
"(250, 250)",3
"(360, 280)",3
"(547, 360)",3
"(688, 445)",3
"(500, 350)",3
"(499, 375)",3
"(596, 335)",3
"(279, 280)",3
"(600, 427)",3
"(768, 512)",3
"(499, 400)",3
"(500, 435)",3
"(495, 359)",3
"(266, 280)",3
"(345, 280)",3
"(365, 280)",3
"(366, 230)",3
"(500, 329)",3
"(500, 418)",3
"(188, 172)",3
"(313, 359)",3
"(378, 280)",3
"(400, 298)",3
"(573, 403)",3
"(375, 245)",3
"(603, 533)",3
"(640, 426)",3
"(326, 279)",3
"(162, 298)",3
"(298, 253)",3
"(245, 280)",3
"(350, 243)",3
"(258, 249)",3
"(342, 244)",3
"(275, 280)",3
"(338, 280)",3
"(352, 280)",3
"(323, 280)",3
"(410, 360)",3
"(289, 350)",3
"(507, 400)",3
"(297, 280)",3
"(340, 280)",3
"(268, 284)",3
"(250, 121)",3
"(310, 258)",3
"(214, 261)",3
"(239, 178)",3
"(237, 280)",3
"(560, 720)",3
"(279, 385)",3
"(315, 280)",3
"(262, 280)",3
"(353, 280)",3
"(600, 331)",3
"(161, 267)",3
"(852, 480)",3
"(600, 900)",3
"(741, 750)",3
"(866, 1390)",3
"(209, 202)",3
"(500, 521)",3
"(404, 360)",3
"(423, 261)",3
"(273, 334)",2
"(519, 349)",2
"(668, 299)",2
"(566, 452)",2
"(299, 228)",2
"(350, 443)",2
"(494, 619)",2
"(632, 316)",2
"(538, 371)",2
"(324, 270)",2
"(261, 366)",2
"(461, 390)",2
"(515, 325)",2
"(558, 465)",2
"(570, 452)",2
"(481, 637)",2
"(303, 414)",2
"(630, 452)",2
"(457, 371)",2
"(668, 452)",2
"(437, 354)",2
"(391, 350)",2
"(282, 280)",2
"(365, 547)",2
"(423, 365)",2
"(250, 255)",2
"(506, 452)",2
"(702, 465)",2
"(460, 667)",2
"(669, 448)",2
"(404, 600)",2
"(591, 452)",2
"(486, 500)",2
"(259, 299)",2
"(718, 426)",2
"(305, 307)",2
"(359, 335)",2
"(619, 452)",2
"(500, 371)",2
"(500, 280)",2
"(586, 366)",2
"(630, 500)",2
"(1000, 446)",2
"(408, 612)",2
"(596, 414)",2
"(738, 369)",2
"(463, 350)",2
"(415, 737)",2
"(265, 335)",2
"(554, 463)",2
"(625, 532)",2
"(545, 355)",2
"(738, 398)",2
"(605, 480)",2
"(612, 500)",2
"(680, 451)",2
"(594, 800)",2
"(630, 535)",2
"(527, 581)",2
"(607, 640)",2
"(457, 400)",2
"(800, 800)",2
"(224, 274)",2
"(736, 981)",2
"(177, 196)",2
"(1200, 623)",2
"(752, 512)",2
"(500, 327)",2
"(700, 853)",2
"(1500, 1072)",2
"(463, 270)",2
"(1080, 1080)",2
"(500, 605)",2
"(800, 600)",2
"(1920, 800)",2
"(2121, 1414)",2
"(500, 602)",2
"(474, 266)",2
"(500, 572)",2
"(424, 471)",2
"(341, 333)",2
"(283, 280)",2
"(300, 400)",2
"(381, 261)",2
"(357, 229)",2
"(317, 240)",2
"(264, 273)",2
"(500, 271)",2
"(288, 320)",2
"(352, 261)",2
"(362, 333)",2
"(500, 303)",2
"(500, 328)",2
"(272, 412)",2
"(460, 365)",2
"(500, 349)",2
"(521, 554)",2
"(351, 276)",2
"(455, 335)",2
"(500, 583)",2
"(355, 600)",2
"(1024, 1024)",2
"(466, 313)",2
"(245, 208)",2
"(473, 335)",2
"(434, 304)",2
"(371, 447)",2
"(452, 678)",2
"(348, 383)",2
"(458, 465)",2
"(328, 414)",2
"(640, 359)",2
"(547, 264)",2
"(364, 464)",2
"(412, 326)",2
"(425, 282)",2
"(380, 417)",2
"(335, 520)",2
"(390, 420)",2
"(738, 393)",2
"(393, 414)",2
"(527, 335)",2
"(299, 353)",2
"(386, 412)",2
"(447, 379)",2
"(415, 555)",2
"(329, 362)",2
"(248, 414)",2
"(480, 480)",2
"(371, 286)",2
"(331, 333)",2
"(309, 347)",2
"(480, 512)",2
"(247, 414)",2
"(626, 376)",2
"(429, 333)",2
"(600, 366)",2
"(524, 452)",2
"(309, 238)",2
"(327, 465)",2
"(344, 682)",2
"(540, 360)",2
"(500, 300)",2
"(515, 363)",2
"(409, 452)",2
"(456, 388)",2
"(605, 428)",2
"(303, 274)",2
"(471, 388)",2
"(409, 338)",2
"(235, 290)",2
"(678, 367)",2
"(378, 452)",2
"(592, 392)",2
"(371, 500)",2
"(617, 324)",2
"(339, 333)",2
"(541, 427)",2
"(617, 452)",2
"(257, 189)",2
"(218, 215)",2
"(237, 296)",2
"(588, 340)",2
"(554, 369)",2
"(533, 375)",2
"(653, 366)",2
"(152, 239)",2
"(432, 317)",2
"(690, 387)",2
"(454, 360)",2
"(551, 362)",2
"(519, 366)",2
"(430, 347)",2
"(163, 280)",2
"(505, 364)",2
"(295, 206)",2
"(239, 193)",2
"(600, 429)",2
"(515, 359)",2
"(427, 348)",2
"(632, 452)",2
"(224, 219)",2
"(397, 254)",2
"(385, 400)",2
"(447, 409)",2
"(452, 661)",2
"(564, 374)",2
"(441, 479)",2
"(710, 404)",2
"(600, 399)",2
"(276, 280)",2
"(800, 502)",2
"(485, 375)",2
"(592, 427)",2
"(486, 404)",2
"(320, 198)",2
"(645, 408)",2
"(647, 473)",2
"(236, 238)",2
"(800, 426)",2
"(248, 280)",2
"(664, 462)",2
"(1000, 700)",2
"(1024, 768)",2
"(741, 800)",2
"(259, 333)",2
"(1520, 1080)",2
"(356, 293)",2
"(262, 218)",2
"(346, 280)",2
"(335, 277)",2
"(230, 367)",2
"(299, 196)",2
"(547, 554)",2
"(492, 348)",2
"(447, 340)",2
"(253, 177)",2
"(262, 212)",2
"(391, 280)",2
"(380, 209)",2
"(443, 329)",2
"(385, 350)",2
"(320, 235)",2
"(322, 343)",2
"(449, 337)",2
"(335, 361)",2
"(466, 600)",2
"(397, 297)",2
"(428, 316)",2
"(468, 321)",2
"(387, 420)",2
"(161, 265)",2
"(570, 427)",2
"(260, 227)",2
"(474, 338)",2
"(5089, 4000)",2
"(552, 373)",2
"(155, 162)",2
"(273, 258)",2
"(265, 237)",2
"(201, 117)",2
"(211, 240)",2
"(237, 239)",2
"(413, 296)",2
"(226, 255)",2
"(323, 218)",2
"(235, 219)",2
"(236, 251)",2
"(436, 343)",2
"(400, 286)",2
"(437, 458)",2
"(433, 357)",2
"(274, 296)",2
"(336, 319)",2
"(300, 261)",2
"(466, 360)",2
"(501, 400)",2
"(364, 273)",2
"(675, 328)",2
"(395, 276)",2
"(338, 412)",2
"(445, 266)",2
"(475, 400)",2
"(381, 280)",2
"(661, 360)",2
"(365, 237)",2
"(600, 503)",2
"(317, 333)",2
"(233, 181)",2
"(969, 1351)",2
"(114, 208)",2
"(313, 232)",2
"(296, 275)",2
"(285, 194)",2
"(342, 280)",2
"(201, 280)",2
"(241, 386)",2
"(447, 356)",2
"(264, 280)",2
"(346, 266)",2
"(295, 280)",2
"(319, 280)",2
"(308, 252)",2
"(236, 332)",2
"(464, 360)",2
"(275, 337)",2
"(303, 224)",2
"(365, 477)",2
"(432, 333)",2
"(335, 355)",2
"(376, 333)",2
"(549, 427)",2
"(402, 335)",2
"(466, 444)",2
"(600, 237)",2
"(500, 354)",2
"(158, 280)",2
"(636, 335)",2
"(550, 505)",2
"(489, 365)",2
"(155, 148)",2
"(196, 240)",2
"(356, 319)",2
"(305, 306)",2
"(481, 407)",2
"(551, 395)",2
"(345, 306)",2
"(182, 127)",2
"(299, 223)",2
"(1639, 1638)",2
"(5345, 3973)",2
"(360, 403)",2
"(442, 442)",2
"(693, 442)",2
"(260, 349)",2
"(158, 252)",2
"(332, 305)",2
"(165, 253)",2
"(900, 574)",2
"(1024, 705)",2
"(508, 900)",2
"(556, 417)",2
"(456, 394)",2
"(577, 480)",2
"(619, 451)",2
"(640, 640)",2
"(684, 720)",2
"(247, 205)",2
"(549, 764)",2
"(677, 639)",2
"(200, 269)",2
"(410, 626)",2
"(1569, 1006)",2
"(523, 535)",2
"(327, 390)",2
"(786, 535)",2
"(1276, 1161)",2
"(216, 528)",2
"(500, 627)",2
"(291, 224)",2
"(332, 281)",2
"(574, 427)",2
"(596, 535)",2
"(783, 625)",2
"(711, 535)",2
"(500, 324)",2
"(417, 333)",2
"(239, 280)",2
"(727, 535)",2
"(447, 682)",2
"(578, 480)",2
"(475, 500)",2
"(408, 579)",2
"(241, 267)",2
"(832, 535)",2
"(421, 366)",2
"(860, 535)",2
"(995, 1024)",2
"(2560, 1024)",2
"(186, 272)",2
"(328, 280)",2
"(427, 595)",2
"(194, 173)",2
"(365, 271)",2
"(254, 215)",2
"(214, 270)",2
"(319, 200)",2
"(792, 439)",2
"(270, 268)",2
"(403, 500)",2
"(189, 267)",2
"(461, 400)",2
"(464, 538)",2
"(228, 241)",2
"(566, 562)",2
"(593, 480)",2
"(322, 350)",2
"(242, 291)",2
"(568, 480)",2
"(309, 269)",2
"(300, 237)",2
"(432, 324)",2
"(671, 439)",2
"(428, 600)",2
"(544, 535)",2
"(484, 535)",2
"(451, 274)",2
"(327, 250)",2
"(436, 591)",2
"(435, 339)",2
"(256, 280)",2
"(428, 351)",2
"(242, 342)",2
"(270, 432)",2
"(233, 428)",2
"(239, 176)",2
"(401, 338)",2
"(277, 488)",2
"(558, 600)",2
"(326, 359)",2
"(700, 467)",2
"(299, 405)",2
"(395, 567)",2
"(600, 288)",2
"(406, 261)",2
"(469, 333)",2
"(255, 261)",2
"(209, 453)",2
"(239, 424)",2
"(449, 400)",2
"(286, 250)",2
"(368, 261)",2
"(354, 361)",2
"(338, 356)",2
"(438, 220)",2
"(199, 199)",2
"(1024, 435)",2
"(460, 555)",2
"(628, 439)",2
"(170, 191)",2
"(269, 267)",2
"(438, 626)",2
"(509, 442)",2
"(563, 425)",2
"(384, 350)",2
"(476, 337)",2
"(438, 456)",2
"(253, 272)",2
"(1028, 788)",2
"(708, 480)",2
"(239, 217)",2
"(626, 431)",2
"(225, 224)",2
"(501, 600)",2
"(177, 246)",2
"(768, 432)",2
"(1400, 700)",2
"(337, 208)",2
"(830, 675)",2
"(1333, 960)",2
"(1120, 853)",2
"(1251, 960)",2
"(428, 249)",2
"(1300, 865)",2
"(210, 328)",2
"(152, 98)",2
"(279, 276)",2
"(339, 324)",2
"(381, 272)",2
"(433, 245)",2
"(277, 348)",2
"(270, 280)",2
"(240, 264)",2
"(420, 360)",2
"(368, 299)",2
"(249, 245)",2
"(277, 280)",2
"(419, 387)",2
"(428, 332)",2
"(439, 359)",2
"(370, 493)",2
"(457, 347)",2
"(506, 338)",2
"(271, 280)",2
"(519, 371)",2
"(585, 400)",2
"(203, 128)",2
"(357, 280)",2
"(218, 259)",2
"(344, 263)",2
"(388, 234)",2
"(282, 333)",2
"(329, 280)",2
"(354, 536)",2
"(555, 360)",2
"(237, 182)",2
"(393, 268)",2
"(454, 334)",2
"(474, 576)",2
"(529, 334)",2
"(205, 353)",2
"(585, 360)",2
"(626, 417)",2
"(223, 166)",2
"(189, 275)",2
"(467, 350)",2
"(458, 315)",2
"(500, 400)",2
"(484, 330)",2
"(500, 377)",2
"(462, 333)",2
"(500, 455)",2
"(714, 534)",2
"(500, 751)",2
"(500, 450)",2
"(292, 300)",2
"(500, 462)",2
"(637, 459)",2
"(246, 280)",2
"(268, 306)",2
"(241, 169)",2
"(270, 427)",2
"(305, 340)",2
"(204, 140)",2
"(292, 198)",2
"(174, 306)",2
"(128, 281)",2
"(331, 258)",2
"(318, 280)",2
"(1112, 853)",2
"(1421, 1012)",2
"(211, 334)",2
"(1934, 2591)",2
"(315, 281)",2
"(380, 273)",2
"(394, 329)",2
"(206, 178)",2
"(303, 193)",2
"(168, 254)",2
"(290, 280)",2
"(265, 230)",2
"(218, 280)",2
"(168, 360)",2
"(283, 199)",2
"(402, 282)",2
"(323, 360)",2
"(362, 426)",2
"(174, 130)",2
"(385, 523)",2
"(228, 233)",2
"(381, 252)",2
"(395, 333)",2
"(173, 260)",2
"(486, 731)",2
"(318, 248)",2
"(156, 122)",2
"(349, 333)",2
"(374, 518)",2
"(354, 360)",2
"(379, 333)",2
"(600, 626)",2
"(238, 124)",1
"(278, 329)",1
"(270, 171)",1
"(201, 217)",1
"(315, 516)",1
"(457, 411)",1
"(365, 461)",1
"(252, 435)",1
"(435, 447)",1
"(576, 414)",1
"(569, 514)",1
"(615, 399)",1
"(232, 261)",1
"(397, 268)",1
"(503, 379)",1
"(368, 447)",1
"(387, 286)",1
"(399, 404)",1
"(549, 426)",1
"(317, 447)",1
"(469, 365)",1
"(498, 261)",1
"(519, 480)",1
"(415, 682)",1
"(622, 417)",1
"(509, 626)",1
"(602, 427)",1
"(335, 541)",1
"(385, 504)",1
"(378, 416)",1
"(453, 624)",1
"(376, 375)",1
"(286, 392)",1
"(447, 396)",1
"(485, 500)",1
"(569, 360)",1
"(339, 520)",1
"(290, 363)",1
"(700, 369)",1
"(508, 400)",1
"(487, 343)",1
"(434, 391)",1
"(486, 444)",1
"(335, 203)",1
"(815, 501)",1
"(368, 452)",1
"(452, 654)",1
"(411, 580)",1
"(384, 469)",1
"(483, 330)",1
"(538, 233)",1
"(483, 351)",1
"(625, 490)",1
"(321, 556)",1
"(480, 406)",1
"(560, 450)",1
"(466, 361)",1
"(521, 316)",1
"(287, 495)",1
"(441, 394)",1
"(248, 750)",1
"(532, 442)",1
"(519, 481)",1
"(516, 368)",1
"(678, 411)",1
"(725, 414)",1
"(335, 559)",1
"(514, 348)",1
"(490, 674)",1
"(406, 282)",1
"(485, 391)",1
"(447, 370)",1
"(674, 414)",1
"(443, 447)",1
"(465, 429)",1
"(397, 612)",1
"(455, 438)",1
"(616, 577)",1
"(556, 350)",1
"(121, 141)",1
"(519, 589)",1
"(501, 271)",1
"(462, 219)",1
"(447, 598)",1
"(427, 484)",1
"(470, 601)",1
"(649, 865)",1
"(374, 337)",1
"(399, 368)",1
"(536, 350)",1
"(379, 246)",1
"(525, 512)",1
"(485, 403)",1
"(586, 355)",1
"(253, 522)",1
"(648, 450)",1
"(720, 391)",1
"(554, 495)",1
"(544, 438)",1
"(466, 517)",1
"(366, 287)",1
"(297, 268)",1
"(231, 208)",1
"(232, 250)",1
"(503, 436)",1
"(606, 322)",1
"(410, 423)",1
"(465, 384)",1
"(302, 498)",1
"(552, 505)",1
"(700, 438)",1
"(349, 359)",1
"(339, 245)",1
"(352, 537)",1
"(622, 468)",1
"(392, 441)",1
"(304, 533)",1
"(388, 447)",1
"(420, 605)",1
"(502, 600)",1
"(800, 406)",1
"(347, 554)",1
"(298, 335)",1
"(516, 452)",1
"(553, 379)",1
"(552, 530)",1
"(387, 390)",1
"(394, 628)",1
"(573, 400)",1
"(685, 369)",1
"(481, 339)",1
"(317, 492)",1
"(326, 280)",1
"(240, 447)",1
"(468, 554)",1
"(423, 422)",1
"(372, 307)",1
"(499, 615)",1
"(508, 433)",1
"(552, 417)",1
"(258, 279)",1
"(539, 271)",1
"(738, 356)",1
"(458, 432)",1
"(471, 626)",1
"(362, 395)",1
"(396, 414)",1
"(538, 447)",1
"(578, 507)",1
"(446, 554)",1
"(479, 333)",1
"(360, 234)",1
"(365, 337)",1
"(378, 499)",1
"(441, 679)",1
"(564, 535)",1
"(592, 433)",1
"(497, 521)",1
"(480, 599)",1
"(151, 208)",1
"(363, 237)",1
"(638, 337)",1
"(634, 372)",1
"(387, 472)",1
"(505, 425)",1
"(514, 382)",1
"(556, 315)",1
"(630, 453)",1
"(447, 424)",1
"(425, 262)",1
"(1200, 667)",1
"(480, 504)",1
"(684, 448)",1
"(554, 498)",1
"(609, 337)",1
"(331, 379)",1
"(433, 465)",1
"(321, 702)",1
"(291, 348)",1
"(165, 252)",1
"(678, 392)",1
"(481, 620)",1
"(410, 644)",1
"(499, 438)",1
"(793, 302)",1
"(438, 431)",1
"(303, 600)",1
"(431, 448)",1
"(547, 414)",1
"(871, 607)",1
"(369, 515)",1
"(378, 412)",1
"(568, 453)",1
"(441, 414)",1
"(731, 416)",1
"(656, 448)",1
"(367, 192)",1
"(306, 271)",1
"(467, 314)",1
"(397, 283)",1
"(469, 564)",1
"(682, 449)",1
"(410, 645)",1
"(363, 479)",1
"(523, 330)",1
"(460, 453)",1
"(468, 457)",1
"(139, 252)",1
"(321, 400)",1
"(800, 358)",1
"(379, 281)",1
"(441, 595)",1
"(577, 468)",1
"(461, 513)",1
"(640, 328)",1
"(599, 495)",1
"(547, 336)",1
"(523, 298)",1
"(278, 407)",1
"(516, 366)",1
"(678, 319)",1
"(360, 567)",1
"(579, 313)",1
"(511, 534)",1
"(381, 635)",1
"(480, 379)",1
"(740, 396)",1
"(515, 271)",1
"(638, 305)",1
"(365, 498)",1
"(598, 422)",1
"(556, 414)",1
"(542, 388)",1
"(361, 597)",1
"(580, 470)",1
"(388, 741)",1
"(415, 552)",1
"(364, 347)",1
"(247, 287)",1
"(672, 456)",1
"(559, 384)",1
"(599, 401)",1
"(567, 473)",1
"(440, 393)",1
"(463, 514)",1
"(450, 389)",1
"(441, 375)",1
"(591, 395)",1
"(337, 552)",1
"(599, 472)",1
"(381, 275)",1
"(612, 464)",1
"(538, 554)",1
"(342, 559)",1
"(372, 555)",1
"(333, 252)",1
"(461, 573)",1
"(420, 585)",1
"(415, 565)",1
"(520, 353)",1
"(588, 457)",1
"(640, 960)",1
"(659, 364)",1
"(483, 496)",1
"(494, 578)",1
"(620, 494)",1
"(500, 353)",1
"(272, 245)",1
"(481, 480)",1
"(387, 521)",1
"(367, 544)",1
"(268, 576)",1
"(638, 370)",1
"(431, 467)",1
"(396, 445)",1
"(461, 525)",1
"(679, 414)",1
"(638, 409)",1
"(500, 282)",1
"(540, 270)",1
"(680, 414)",1
"(424, 446)",1
"(391, 641)",1
"(635, 429)",1
"(459, 602)",1
"(398, 522)",1
"(486, 561)",1
"(461, 269)",1
"(403, 477)",1
"(321, 237)",1
"(333, 545)",1
"(612, 494)",1
"(481, 531)",1
"(738, 397)",1
"(439, 355)",1
"(554, 448)",1
"(346, 661)",1
"(368, 554)",1
"(668, 437)",1
"(222, 195)",1
"(474, 316)",1
"(325, 398)",1
"(335, 470)",1
"(634, 419)",1
"(359, 536)",1
"(651, 449)",1
"(652, 357)",1
"(558, 308)",1
"(550, 557)",1
"(707, 449)",1
"(583, 414)",1
"(159, 235)",1
"(368, 268)",1
"(506, 478)",1
"(572, 334)",1
"(600, 409)",1
"(449, 618)",1
"(399, 600)",1
"(408, 545)",1
"(503, 400)",1
"(389, 386)",1
"(447, 426)",1
"(373, 328)",1
"(375, 495)",1
"(537, 360)",1
"(800, 457)",1
"(415, 605)",1
"(468, 511)",1
"(470, 554)",1
"(678, 446)",1
"(588, 314)",1
"(599, 480)",1
"(343, 569)",1
"(599, 468)",1
"(421, 533)",1
"(621, 307)",1
"(472, 637)",1
"(372, 402)",1
"(333, 698)",1
"(446, 687)",1
"(335, 532)",1
"(193, 171)",1
"(718, 414)",1
"(603, 447)",1
"(461, 663)",1
"(364, 616)",1
"(371, 540)",1
"(369, 600)",1
"(481, 458)",1
"(373, 579)",1
"(416, 383)",1
"(479, 584)",1
"(668, 459)",1
"(333, 513)",1
"(591, 483)",1
"(418, 654)",1
"(501, 447)",1
"(538, 452)",1
"(342, 652)",1
"(402, 553)",1
"(333, 250)",1
"(316, 332)",1
"(503, 445)",1
"(565, 402)",1
"(472, 419)",1
"(697, 384)",1
"(490, 392)",1
"(618, 720)",1
"(647, 452)",1
"(447, 363)",1
"(330, 289)",1
"(436, 440)",1
"(678, 362)",1
"(292, 708)",1
"(600, 353)",1
"(536, 571)",1
"(582, 479)",1
"(466, 388)",1
"(514, 596)",1
"(721, 399)",1
"(419, 322)",1
"(504, 300)",1
"(1022, 865)",1
"(375, 429)",1
"(609, 452)",1
"(473, 638)",1
"(440, 659)",1
"(456, 370)",1
"(462, 621)",1
"(590, 362)",1
"(507, 264)",1
"(526, 452)",1
"(316, 632)",1
"(330, 388)",1
"(480, 628)",1
"(609, 405)",1
"(615, 392)",1
"(415, 537)",1
"(543, 323)",1
"(733, 417)",1
"(393, 423)",1
"(385, 435)",1
"(269, 231)",1
"(156, 199)",1
"(500, 295)",1
"(553, 536)",1
"(554, 458)",1
"(480, 508)",1
"(469, 451)",1
"(720, 405)",1
"(447, 450)",1
"(450, 552)",1
"(739, 873)",1
"(644, 386)",1
"(480, 624)",1
"(382, 181)",1
"(391, 629)",1
"(556, 404)",1
"(738, 380)",1
"(412, 361)",1
"(650, 452)",1
"(452, 604)",1
"(579, 452)",1
"(689, 324)",1
"(415, 720)",1
"(377, 416)",1
"(336, 369)",1
"(664, 416)",1
"(390, 447)",1
"(493, 425)",1
"(437, 507)",1
"(534, 573)",1
"(322, 537)",1
"(433, 618)",1
"(335, 414)",1
"(472, 706)",1
"(760, 339)",1
"(316, 532)",1
"(308, 392)",1
"(428, 565)",1
"(557, 450)",1
"(361, 692)",1
"(479, 473)",1
"(425, 554)",1
"(575, 445)",1
"(450, 304)",1
"(346, 271)",1
"(611, 452)",1
"(480, 560)",1
"(790, 449)",1
"(348, 480)",1
"(680, 385)",1
"(640, 471)",1
"(542, 417)",1
"(544, 553)",1
"(758, 317)",1
"(492, 484)",1
"(552, 400)",1
"(455, 374)",1
"(415, 454)",1
"(586, 303)",1
"(637, 452)",1
"(495, 521)",1
"(593, 655)",1
"(308, 409)",1
"(679, 444)",1
"(464, 617)",1
"(355, 379)",1
"(275, 439)",1
"(315, 594)",1
"(665, 457)",1
"(960, 332)",1
"(512, 390)",1
"(588, 438)",1
"(741, 695)",1
"(392, 663)",1
"(437, 616)",1
"(426, 555)",1
"(441, 304)",1
"(457, 232)",1
"(655, 452)",1
"(307, 648)",1
"(427, 800)",1
"(800, 441)",1
"(553, 526)",1
"(678, 417)",1
"(535, 554)",1
"(585, 286)",1
"(387, 452)",1
"(655, 450)",1
"(687, 529)",1
"(632, 468)",1
"(1017, 628)",1
"(714, 563)",1
"(538, 473)",1
"(481, 370)",1
"(612, 446)",1
"(471, 333)",1
"(306, 375)",1
"(675, 400)",1
"(624, 455)",1
"(521, 372)",1
"(720, 379)",1
"(586, 456)",1
"(402, 609)",1
"(460, 462)",1
"(425, 441)",1
"(600, 380)",1
"(134, 115)",1
"(319, 366)",1
"(395, 600)",1
"(411, 464)",1
"(613, 420)",1
"(737, 535)",1
"(720, 378)",1
"(403, 590)",1
"(541, 452)",1
"(633, 366)",1
"(353, 434)",1
"(288, 388)",1
"(481, 625)",1
"(858, 429)",1
"(489, 382)",1
"(487, 378)",1
"(412, 485)",1
"(600, 385)",1
"(623, 480)",1
"(381, 604)",1
"(402, 600)",1
"(209, 317)",1
"(407, 474)",1
"(455, 554)",1
"(439, 615)",1
"(638, 575)",1
"(420, 551)",1
"(406, 558)",1
"(440, 408)",1
"(419, 640)",1
"(354, 347)",1
"(565, 366)",1
"(590, 402)",1
"(626, 452)",1
"(526, 800)",1
"(535, 449)",1
"(677, 399)",1
"(325, 672)",1
"(691, 350)",1
"(614, 495)",1
"(226, 298)",1
"(910, 388)",1
"(394, 621)",1
"(635, 370)",1
"(635, 483)",1
"(437, 560)",1
"(501, 800)",1
"(426, 414)",1
"(588, 417)",1
"(251, 599)",1
"(272, 340)",1
"(391, 435)",1
"(562, 398)",1
"(643, 337)",1
"(664, 400)",1
"(387, 415)",1
"(648, 478)",1
"(589, 620)",1
"(665, 446)",1
"(976, 463)",1
"(401, 363)",1
"(298, 600)",1
"(254, 407)",1
"(429, 800)",1
"(351, 621)",1
"(415, 584)",1
"(633, 451)",1
"(633, 324)",1
"(417, 602)",1
"(409, 715)",1
"(477, 441)",1
"(678, 800)",1
"(723, 369)",1
"(560, 438)",1
"(581, 406)",1
"(678, 438)",1
"(392, 547)",1
"(664, 414)",1
"(549, 855)",1
"(444, 638)",1
"(714, 920)",1
"(366, 509)",1
"(666, 438)",1
"(648, 312)",1
"(452, 623)",1
"(632, 440)",1
"(547, 494)",1
"(621, 583)",1
"(376, 640)",1
"(364, 600)",1
"(338, 627)",1
"(312, 666)",1
"(633, 790)",1
"(500, 568)",1
"(556, 371)",1
"(439, 516)",1
"(395, 455)",1
"(649, 870)",1
"(366, 567)",1
"(527, 567)",1
"(410, 635)",1
"(757, 505)",1
"(851, 446)",1
"(481, 463)",1
"(229, 272)",1
"(342, 349)",1
"(400, 478)",1
"(692, 194)",1
"(388, 684)",1
"(558, 480)",1
"(679, 452)",1
"(640, 655)",1
"(800, 436)",1
"(555, 480)",1
"(727, 533)",1
"(571, 900)",1
"(600, 452)",1
"(367, 366)",1
"(496, 565)",1
"(403, 560)",1
"(629, 414)",1
"(587, 800)",1
"(616, 453)",1
"(687, 594)",1
"(601, 337)",1
"(686, 432)",1
"(480, 549)",1
"(500, 691)",1
"(197, 498)",1
"(408, 532)",1
"(576, 747)",1
"(672, 710)",1
"(544, 777)",1
"(458, 765)",1
"(517, 379)",1
"(557, 474)",1
"(417, 481)",1
"(473, 800)",1
"(447, 313)",1
"(225, 353)",1
"(587, 608)",1
"(956, 704)",1
"(553, 553)",1
"(705, 871)",1
"(706, 369)",1
"(525, 541)",1
"(645, 414)",1
"(580, 720)",1
"(552, 452)",1
"(409, 310)",1
"(739, 481)",1
"(407, 555)",1
"(599, 440)",1
"(784, 548)",1
"(480, 554)",1
"(638, 651)",1
"(214, 239)",1
"(302, 414)",1
"(674, 500)",1
"(586, 831)",1
"(766, 427)",1
"(445, 800)",1
"(500, 611)",1
"(474, 418)",1
"(830, 489)",1
"(677, 897)",1
"(473, 773)",1
"(405, 554)",1
"(330, 561)",1
"(308, 362)",1
"(372, 739)",1
"(598, 760)",1
"(558, 402)",1
"(636, 481)",1
"(600, 798)",1
"(459, 500)",1
"(599, 821)",1
"(491, 595)",1
"(691, 513)",1
"(178, 268)",1
"(404, 288)",1
"(867, 600)",1
"(590, 663)",1
"(714, 576)",1
"(753, 608)",1
"(438, 561)",1
"(740, 683)",1
"(556, 368)",1
"(416, 325)",1
"(392, 447)",1
"(640, 465)",1
"(608, 502)",1
"(415, 709)",1
"(783, 1056)",1
"(455, 640)",1
"(606, 821)",1
"(652, 881)",1
"(527, 308)",1
"(1000, 669)",1
"(800, 483)",1
"(490, 332)",1
"(465, 350)",1
"(605, 720)",1
"(543, 935)",1
"(554, 504)",1
"(626, 709)",1
"(297, 753)",1
"(667, 699)",1
"(1000, 853)",1
"(503, 422)",1
"(687, 911)",1
"(688, 720)",1
"(195, 273)",1
"(436, 260)",1
"(600, 359)",1
"(594, 637)",1
"(980, 640)",1
"(520, 802)",1
"(762, 567)",1
"(605, 433)",1
"(757, 473)",1
"(389, 510)",1
"(781, 535)",1
"(994, 686)",1
"(290, 355)",1
"(333, 415)",1
"(644, 442)",1
"(376, 400)",1
"(635, 433)",1
"(800, 865)",1
"(654, 384)",1
"(613, 361)",1
"(800, 480)",1
"(987, 528)",1
"(576, 478)",1
"(442, 544)",1
"(323, 316)",1
"(839, 759)",1
"(1169, 650)",1
"(985, 727)",1
"(755, 496)",1
"(702, 772)",1
"(531, 695)",1
"(538, 1348)",1
"(681, 414)",1
"(487, 630)",1
"(369, 458)",1
"(443, 426)",1
"(800, 484)",1
"(596, 720)",1
"(724, 800)",1
"(354, 683)",1
"(1000, 665)",1
"(656, 853)",1
"(691, 457)",1
"(850, 567)",1
"(1105, 504)",1
"(370, 377)",1
"(638, 371)",1
"(775, 1080)",1
"(480, 594)",1
"(800, 405)",1
"(824, 616)",1
"(600, 600)",1
"(831, 704)",1
"(671, 774)",1
"(415, 648)",1
"(729, 901)",1
"(829, 540)",1
"(303, 334)",1
"(964, 651)",1
"(685, 900)",1
"(564, 705)",1
"(754, 529)",1
"(767, 570)",1
"(404, 759)",1
"(678, 413)",1
"(638, 439)",1
"(400, 589)",1
"(260, 440)",1
"(575, 720)",1
"(600, 789)",1
"(495, 700)",1
"(517, 437)",1
"(638, 365)",1
"(594, 775)",1
"(520, 533)",1
"(375, 631)",1
"(970, 865)",1
"(575, 567)",1
"(330, 443)",1
"(352, 192)",1
"(836, 608)",1
"(776, 477)",1
"(567, 649)",1
"(500, 818)",1
"(633, 431)",1
"(802, 576)",1
"(841, 764)",1
"(624, 800)",1
"(569, 473)",1
"(679, 900)",1
"(449, 543)",1
"(336, 376)",1
"(514, 472)",1
"(743, 800)",1
"(906, 683)",1
"(632, 896)",1
"(800, 500)",1
"(583, 656)",1
"(618, 426)",1
"(800, 476)",1
"(363, 984)",1
"(716, 890)",1
"(229, 161)",1
"(288, 459)",1
"(480, 600)",1
"(1182, 831)",1
"(1022, 800)",1
"(1006, 800)",1
"(720, 706)",1
"(737, 520)",1
"(1200, 900)",1
"(665, 1200)",1
"(1225, 550)",1
"(500, 761)",1
"(283, 290)",1
"(402, 722)",1
"(233, 416)",1
"(1366, 659)",1
"(630, 686)",1
"(676, 1125)",1
"(496, 652)",1
"(540, 960)",1
"(582, 640)",1
"(686, 555)",1
"(500, 750)",1
"(1000, 675)",1
"(224, 351)",1
"(1072, 721)",1
"(1024, 512)",1
"(609, 700)",1
"(1327, 907)",1
"(434, 575)",1
"(653, 447)",1
"(690, 664)",1
"(456, 1037)",1
"(683, 1024)",1
"(373, 750)",1
"(338, 367)",1
"(409, 862)",1
"(989, 616)",1
"(627, 1121)",1
"(933, 700)",1
"(865, 800)",1
"(594, 674)",1
"(537, 675)",1
"(1020, 720)",1
"(791, 976)",1
"(1050, 602)",1
"(398, 529)",1
"(250, 320)",1
"(732, 667)",1
"(635, 720)",1
"(688, 716)",1
"(722, 900)",1
"(553, 1194)",1
"(1266, 868)",1
"(778, 592)",1
"(1000, 739)",1
"(983, 667)",1
"(382, 667)",1
"(468, 236)",1
"(643, 438)",1
"(997, 587)",1
"(800, 762)",1
"(653, 653)",1
"(750, 477)",1
"(772, 534)",1
"(461, 639)",1
"(776, 620)",1
"(215, 372)",1
"(592, 900)",1
"(1028, 720)",1
"(1015, 750)",1
"(717, 876)",1
"(732, 540)",1
"(936, 720)",1
"(842, 1255)",1
"(639, 450)",1
"(1365, 726)",1
"(313, 534)",1
"(414, 261)",1
"(1011, 685)",1
"(1170, 800)",1
"(683, 995)",1
"(700, 739)",1
"(889, 640)",1
"(1082, 1143)",1
"(1153, 768)",1
"(763, 563)",1
"(640, 783)",1
"(767, 1024)",1
"(228, 456)",1
"(1080, 711)",1
"(1244, 1096)",1
"(495, 518)",1
"(647, 746)",1
"(947, 712)",1
"(1143, 650)",1
"(771, 900)",1
"(898, 667)",1
"(343, 366)",1
"(922, 630)",1
"(661, 846)",1
"(838, 853)",1
"(2500, 1313)",1
"(703, 791)",1
"(1440, 865)",1
"(741, 742)",1
"(1080, 906)",1
"(956, 669)",1
"(1073, 630)",1
"(412, 400)",1
"(242, 332)",1
"(1024, 863)",1
"(1041, 778)",1
"(686, 1068)",1
"(987, 620)",1
"(720, 888)",1
"(1080, 1028)",1
"(687, 1065)",1
"(656, 761)",1
"(683, 965)",1
"(681, 960)",1
"(172, 364)",1
"(439, 365)",1
"(444, 741)",1
"(369, 242)",1
"(1216, 942)",1
"(1308, 972)",1
"(703, 1659)",1
"(771, 924)",1
"(1116, 546)",1
"(1004, 983)",1
"(590, 803)",1
"(473, 669)",1
"(1002, 1147)",1
"(823, 851)",1
"(711, 1278)",1
"(670, 1024)",1
"(1440, 980)",1
"(1435, 807)",1
"(1286, 980)",1
"(1200, 726)",1
"(1166, 800)",1
"(674, 1017)",1
"(500, 1106)",1
"(408, 244)",1
"(1385, 865)",1
"(1000, 1490)",1
"(871, 1087)",1
"(1196, 758)",1
"(1009, 733)",1
"(921, 845)",1
"(876, 1387)",1
"(993, 916)",1
"(897, 1250)",1
"(989, 700)",1
"(515, 600)",1
"(384, 425)",1
"(971, 627)",1
"(800, 813)",1
"(1366, 916)",1
"(1567, 900)",1
"(864, 1054)",1
"(922, 1108)",1
"(1161, 853)",1
"(965, 724)",1
"(1526, 1080)",1
"(689, 1080)",1
"(448, 614)",1
"(284, 323)",1
"(1000, 563)",1
"(826, 648)",1
"(1328, 867)",1
"(734, 589)",1
"(964, 1243)",1
"(1200, 851)",1
"(1087, 720)",1
"(1024, 912)",1
"(1033, 920)",1
"(966, 978)",1
"(612, 557)",1
"(235, 350)",1
"(1000, 611)",1
"(928, 1211)",1
"(1414, 872)",1
"(964, 618)",1
"(1108, 937)",1
"(996, 1068)",1
"(904, 805)",1
"(1360, 800)",1
"(1254, 1414)",1
"(420, 277)",1
"(1042, 1582)",1
"(932, 915)",1
"(1096, 1350)",1
"(1091, 700)",1
"(736, 908)",1
"(743, 1349)",1
"(882, 1011)",1
"(1327, 1023)",1
"(864, 1188)",1
"(1080, 2083)",1
"(500, 581)",1
"(357, 415)",1
"(897, 960)",1
"(974, 1000)",1
"(901, 1200)",1
"(1200, 929)",1
"(1395, 1200)",1
"(1016, 1047)",1
"(1500, 1093)",1
"(1280, 852)",1
"(837, 1357)",1
"(423, 372)",1
"(236, 350)",1
"(862, 774)",1
"(928, 1232)",1
"(810, 872)",1
"(1545, 986)",1
"(1600, 1490)",1
"(2121, 1266)",1
"(1350, 675)",1
"(1280, 640)",1
"(736, 1308)",1
"(1495, 888)",1
"(500, 526)",1
"(326, 458)",1
"(1428, 980)",1
"(1146, 853)",1
"(1898, 1080)",1
"(1272, 790)",1
"(1811, 1260)",1
"(1200, 630)",1
"(1862, 1060)",1
"(1080, 1920)",1
"(1411, 1167)",1
"(1439, 926)",1
"(324, 252)",1
"(350, 161)",1
"(182, 237)",1
"(276, 225)",1
"(1047, 1253)",1
"(1739, 1280)",1
"(1369, 1116)",1
"(1128, 997)",1
"(963, 722)",1
"(1261, 1000)",1
"(1409, 1164)",1
"(1253, 1280)",1
"(1200, 556)",1
"(616, 665)",1
"(284, 312)",1
"(1650, 1389)",1
"(821, 1531)",1
"(1858, 1071)",1
"(1499, 1032)",1
"(1281, 770)",1
"(1244, 1077)",1
"(1417, 913)",1
"(1416, 1414)",1
"(1174, 1087)",1
"(429, 437)",1
"(339, 330)",1
"(1661, 1200)",1
"(1235, 1225)",1
"(1711, 1333)",1
"(2142, 1318)",1
"(1500, 1028)",1
"(1671, 800)",1
"(1207, 1305)",1
"(1739, 1050)",1
"(1703, 1080)",1
"(366, 728)",1
"(483, 202)",1
"(1894, 1414)",1
"(1701, 1136)",1
"(1848, 1268)",1
"(1216, 1600)",1
"(2560, 1600)",1
"(1878, 1333)",1
"(3586, 1208)",1
"(1080, 1768)",1
"(2051, 1085)",1
"(472, 455)",1
"(366, 532)",1
"(830, 1268)",1
"(1173, 1413)",1
"(1869, 1345)",1
"(1870, 1259)",1
"(1632, 1271)",1
"(1648, 1839)",1
"(1021, 1537)",1
"(1129, 1112)",1
"(1479, 1414)",1
"(1230, 2327)",1
"(640, 384)",1
"(1861, 1414)",1
"(960, 1280)",1
"(1283, 1356)",1
"(2500, 2244)",1
"(2000, 2000)",1
"(1928, 2106)",1
"(1769, 1271)",1
"(1548, 1468)",1
"(1571, 959)",1
"(1345, 2048)",1
"(460, 384)",1
"(1832, 1414)",1
"(1836, 1583)",1
"(957, 1235)",1
"(2290, 1600)",1
"(999, 1464)",1
"(1600, 1700)",1
"(976, 1672)",1
"(1970, 1193)",1
"(1730, 1203)",1
"(2230, 1288)",1
"(162, 209)",1
"(467, 313)",1
"(1494, 2304)",1
"(1255, 2413)",1
"(1409, 1167)",1
"(2050, 1110)",1
"(2253, 1491)",1
"(1880, 2068)",1
"(1185, 1312)",1
"(3018, 2713)",1
"(498, 350)",1
"(241, 321)",1
"(1503, 2842)",1
"(1868, 2048)",1
"(1873, 2560)",1
"(1632, 2573)",1
"(2154, 2436)",1
"(2456, 2631)",1
"(1707, 2330)",1
"(3800, 2533)",1
"(1549, 2371)",1
"(500, 442)",1
"(389, 301)",1
"(4032, 3024)",1
"(2176, 1960)",1
"(2322, 2932)",1
"(2046, 2286)",1
"(2426, 2193)",1
"(1636, 1944)",1
"(3055, 2437)",1
"(2859, 1897)",1
"(4087, 3744)",1
"(3504, 2336)",1
"(454, 194)",1
"(618, 252)",1
"(500, 888)",1
"(463, 269)",1
"(3036, 2250)",1
"(3640, 1806)",1
"(1689, 2546)",1
"(2500, 1875)",1
"(2899, 4349)",1
"(2769, 2304)",1
"(3072, 3228)",1
"(2942, 3904)",1
"(1952, 3330)",1
"(3983, 2845)",1
"(397, 512)",1
"(4884, 3257)",1
"(2539, 3060)",1
"(3450, 2592)",1
"(2988, 3782)",1
"(2448, 2945)",1
"(3154, 3682)",1
"(3093, 2543)",1
"(3736, 2061)",1
"(3194, 4328)",1
"(5184, 3456)",1
"(285, 414)",1
"(2390, 3325)",1
"(4166, 3255)",1
"(3472, 3550)",1
"(2095, 4032)",1
"(2885, 5320)",1
"(3377, 3600)",1
"(4477, 3231)",1
"(2997, 5284)",1
"(5328, 4000)",1
"(5150, 3749)",1
"(428, 539)",1
"(651, 423)",1
"(4128, 6192)",1
"(4126, 5200)",1
"(3538, 5513)",1
"(4327, 2935)",1
"(3633, 4910)",1
"(4168, 2763)",1
"(9026, 2320)",1
"(202, 269)",1
"(702, 406)",1
"(480, 467)",1
"(335, 329)",1
"(500, 546)",1
"(302, 494)",1
"(1024, 488)",1
"(678, 388)",1
"(472, 566)",1
"(594, 414)",1
"(122, 210)",1
"(467, 797)",1
"(660, 452)",1
"(495, 598)",1
"(500, 1018)",1
"(500, 580)",1
"(471, 618)",1
"(411, 315)",1
"(346, 667)",1
"(206, 452)",1
"(500, 561)",1
"(237, 511)",1
"(500, 473)",1
"(426, 667)",1
"(598, 453)",1
"(472, 465)",1
"(440, 326)",1
"(335, 369)",1
"(500, 680)",1
"(340, 240)",1
"(492, 585)",1
"(336, 203)",1
"(234, 164)",1
"(613, 308)",1
"(1023, 681)",1
"(583, 471)",1
"(1394, 2351)",1
"(543, 316)",1
"(424, 482)",1
"(142, 270)",1
"(237, 316)",1
"(139, 279)",1
"(230, 333)",1
"(225, 181)",1
"(427, 342)",1
"(156, 243)",1
"(239, 363)",1
"(333, 296)",1
"(194, 240)",1
"(309, 297)",1
"(148, 227)",1
"(399, 366)",1
"(244, 168)",1
"(447, 269)",1
"(359, 182)",1
"(368, 256)",1
"(243, 204)",1
"(525, 452)",1
"(173, 242)",1
"(334, 258)",1
"(224, 251)",1
"(367, 442)",1
"(213, 198)",1
"(372, 377)",1
"(265, 333)",1
"(384, 234)",1
"(407, 146)",1
"(345, 388)",1
"(185, 179)",1
"(363, 429)",1
"(198, 274)",1
"(392, 423)",1
"(284, 184)",1
"(554, 289)",1
"(309, 253)",1
"(554, 455)",1
"(271, 185)",1
"(393, 341)",1
"(193, 259)",1
"(351, 387)",1
"(204, 308)",1
"(405, 336)",1
"(218, 243)",1
"(279, 350)",1
"(386, 327)",1
"(428, 365)",1
"(345, 333)",1
"(281, 382)",1
"(146, 216)",1
"(287, 287)",1
"(310, 269)",1
"(145, 260)",1
"(457, 350)",1
"(287, 141)",1
"(452, 479)",1
"(209, 175)",1
"(366, 369)",1
"(180, 271)",1
"(434, 388)",1
"(278, 251)",1
"(247, 607)",1
"(336, 387)",1
"(597, 280)",1
"(203, 359)",1
"(227, 501)",1
"(263, 253)",1
"(445, 420)",1
"(186, 190)",1
"(160, 399)",1
"(230, 215)",1
"(282, 365)",1
"(251, 270)",1
"(223, 324)",1
"(413, 414)",1
"(181, 274)",1
"(406, 312)",1
"(373, 354)",1
"(219, 223)",1
"(366, 380)",1
"(451, 369)",1
"(269, 245)",1
"(522, 452)",1
"(158, 264)",1
"(399, 438)",1
"(372, 301)",1
"(341, 320)",1
"(369, 188)",1
"(328, 346)",1
"(263, 260)",1
"(404, 222)",1
"(285, 224)",1
"(312, 426)",1
"(192, 296)",1
"(421, 364)",1
"(184, 356)",1
"(250, 287)",1
"(257, 258)",1
"(276, 353)",1
"(251, 244)",1
"(298, 316)",1
"(236, 208)",1
"(421, 338)",1
"(250, 313)",1
"(211, 417)",1
"(354, 209)",1
"(478, 364)",1
"(315, 268)",1
"(239, 270)",1
"(272, 275)",1
"(340, 236)",1
"(303, 267)",1
"(211, 236)",1
"(415, 414)",1
"(520, 186)",1
"(614, 254)",1
"(249, 356)",1
"(500, 262)",1
"(271, 369)",1
"(284, 294)",1
"(365, 247)",1
"(303, 371)",1
"(206, 311)",1
"(500, 272)",1
"(330, 270)",1
"(492, 399)",1
"(334, 276)",1
"(227, 386)",1
"(272, 256)",1
"(265, 280)",1
"(657, 288)",1
"(377, 296)",1
"(355, 434)",1
"(429, 308)",1
"(302, 386)",1
"(357, 295)",1
"(335, 497)",1
"(343, 329)",1
"(485, 343)",1
"(376, 315)",1
"(357, 370)",1
"(441, 441)",1
"(216, 337)",1
"(380, 292)",1
"(368, 207)",1
"(387, 343)",1
"(247, 431)",1
"(346, 294)",1
"(207, 339)",1
"(196, 261)",1
"(507, 364)",1
"(287, 500)",1
"(320, 307)",1
"(252, 274)",1
"(264, 459)",1
"(275, 248)",1
"(400, 224)",1
"(366, 288)",1
"(418, 261)",1
"(253, 435)",1
"(597, 247)",1
"(261, 275)",1
"(276, 414)",1
"(335, 335)",1
"(441, 578)",1
"(327, 375)",1
"(297, 248)",1
"(285, 499)",1
"(500, 158)",1
"(286, 407)",1
"(290, 331)",1
"(478, 309)",1
"(522, 330)",1
"(355, 280)",1
"(321, 270)",1
"(388, 327)",1
"(335, 393)",1
"(293, 361)",1
"(314, 335)",1
"(470, 248)",1
"(267, 345)",1
"(463, 209)",1
"(294, 485)",1
"(500, 289)",1
"(408, 365)",1
"(270, 224)",1
"(347, 411)",1
"(270, 333)",1
"(315, 392)",1
"(217, 378)",1
"(355, 253)",1
"(303, 289)",1
"(250, 319)",1
"(399, 256)",1
"(500, 293)",1
"(317, 234)",1
"(394, 337)",1
"(313, 280)",1
"(254, 430)",1
"(293, 325)",1
"(233, 304)",1
"(324, 266)",1
"(389, 277)",1
"(304, 357)",1
"(384, 223)",1
"(451, 362)",1
"(648, 291)",1
"(454, 302)",1
"(319, 306)",1
"(379, 319)",1
"(523, 402)",1
"(244, 475)",1
"(436, 331)",1
"(272, 334)",1
"(551, 308)",1
"(285, 375)",1
"(409, 369)",1
"(460, 355)",1
"(415, 469)",1
"(446, 278)",1
"(226, 362)",1
"(456, 389)",1
"(301, 238)",1
"(389, 494)",1
"(437, 447)",1
"(283, 281)",1
"(277, 384)",1
"(367, 418)",1
"(584, 452)",1
"(249, 571)",1
"(420, 332)",1
"(306, 259)",1
"(320, 400)",1
"(276, 370)",1
"(250, 284)",1
"(399, 452)",1
"(399, 336)",1
"(260, 494)",1
"(453, 262)",1
"(446, 334)",1
"(364, 426)",1
"(485, 279)",1
"(499, 468)",1
"(367, 504)",1
"(140, 140)",1
"(339, 224)",1
"(440, 228)",1
"(512, 279)",1
"(411, 517)",1
"(449, 359)",1
"(500, 633)",1
"(400, 393)",1
"(387, 333)",1
"(256, 512)",1
"(417, 334)",1
"(358, 377)",1
"(600, 268)",1
"(470, 268)",1
"(335, 331)",1
"(458, 261)",1
"(433, 305)",1
"(500, 579)",1
"(246, 370)",1
"(478, 340)",1
"(336, 429)",1
"(440, 333)",1
"(625, 370)",1
"(478, 281)",1
"(369, 344)",1
"(500, 226)",1
"(328, 328)",1
"(419, 335)",1
"(373, 600)",1
"(588, 335)",1
"(400, 610)",1
"(499, 286)",1
"(491, 398)",1
"(375, 299)",1
"(356, 237)",1
"(600, 225)",1
"(389, 326)",1
"(420, 364)",1
"(400, 553)",1
"(350, 351)",1
"(388, 427)",1
"(411, 500)",1
"(409, 350)",1
"(261, 573)",1
"(427, 335)",1
"(460, 452)",1
"(855, 535)",1
"(409, 278)",1
"(419, 594)",1
"(271, 388)",1
"(458, 334)",1
"(327, 308)",1
"(480, 270)",1
"(212, 213)",1
"(276, 445)",1
"(250, 315)",1
"(469, 707)",1
"(434, 326)",1
"(397, 365)",1
"(1510, 4608)",1
"(299, 430)",1
"(322, 407)",1
"(284, 394)",1
"(328, 327)",1
"(245, 387)",1
"(291, 399)",1
"(348, 186)",1
"(510, 388)",1
"(307, 324)",1
"(231, 361)",1
"(325, 354)",1
"(313, 452)",1
"(378, 465)",1
"(578, 355)",1
"(433, 335)",1
"(321, 450)",1
"(478, 303)",1
"(296, 414)",1
"(581, 262)",1
"(372, 419)",1
"(211, 336)",1
"(380, 371)",1
"(499, 357)",1
"(413, 256)",1
"(365, 452)",1
"(402, 252)",1
"(528, 525)",1
"(450, 368)",1
"(290, 350)",1
"(366, 210)",1
"(254, 368)",1
"(269, 354)",1
"(565, 334)",1
"(398, 290)",1
"(440, 359)",1
"(247, 257)",1
"(313, 302)",1
"(354, 516)",1
"(229, 321)",1
"(534, 333)",1
"(474, 358)",1
"(589, 335)",1
"(464, 350)",1
"(365, 322)",1
"(539, 365)",1
"(263, 267)",1
"(260, 274)",1
"(323, 518)",1
"(670, 447)",1
"(319, 402)",1
"(383, 452)",1
"(342, 430)",1
"(422, 406)",1
"(330, 304)",1
"(228, 371)",1
"(341, 447)",1
"(343, 258)",1
"(315, 447)",1
"(304, 322)",1
"(539, 351)",1
"(498, 584)",1
"(188, 430)",1
"(378, 350)",1
"(373, 364)",1
"(365, 463)",1
"(318, 484)",1
"(271, 400)",1
"(437, 369)",1
"(577, 452)",1
"(311, 372)",1
"(318, 358)",1
"(426, 408)",1
"(231, 246)",1
"(604, 481)",1
"(288, 536)",1
"(347, 365)",1
"(305, 451)",1
"(270, 407)",1
"(294, 288)",1
"(301, 388)",1
"(539, 338)",1
"(396, 336)",1
"(267, 326)",1
"(446, 360)",1
"(346, 515)",1
"(370, 358)",1
"(678, 331)",1
"(398, 350)",1
"(300, 381)",1
"(488, 288)",1
"(297, 362)",1
"(390, 223)",1
"(365, 269)",1
"(510, 337)",1
"(410, 452)",1
"(411, 365)",1
"(280, 447)",1
"(409, 335)",1
"(510, 315)",1
"(306, 360)",1
"(738, 282)",1
"(238, 251)",1
"(185, 284)",1
"(316, 261)",1
"(425, 309)",1
"(694, 276)",1
"(268, 500)",1
"(466, 287)",1
"(331, 500)",1
"(366, 335)",1
"(447, 392)",1
"(542, 308)",1
"(278, 280)",1
"(279, 277)",1
"(278, 480)",1
"(430, 329)",1
"(334, 390)",1
"(387, 319)",1
"(557, 399)",1
"(501, 248)",1
"(447, 441)",1
"(425, 417)",1
"(361, 398)",1
"(340, 259)",1
"(271, 344)",1
"(437, 335)",1
"(380, 405)",1
"(306, 476)",1
"(597, 266)",1
"(309, 500)",1
"(429, 411)",1
"(90, 215)",1
"(529, 365)",1
"(335, 579)",1
"(324, 409)",1
"(280, 392)",1
"(250, 316)",1
"(523, 452)",1
"(335, 524)",1
"(400, 366)",1
"(284, 250)",1
"(155, 404)",1
"(536, 376)",1
"(377, 275)",1
"(460, 309)",1
"(639, 352)",1
"(524, 320)",1
"(319, 375)",1
"(405, 424)",1
"(369, 542)",1
"(400, 277)",1
"(415, 340)",1
"(435, 320)",1
"(309, 232)",1
"(408, 447)",1
"(316, 495)",1
"(341, 512)",1
"(738, 265)",1
"(475, 365)",1
"(494, 284)",1
"(219, 431)",1
"(348, 378)",1
"(370, 511)",1
"(547, 379)",1
"(93, 221)",1
"(422, 365)",1
"(531, 284)",1
"(363, 454)",1
"(547, 271)",1
"(415, 300)",1
"(448, 403)",1
"(254, 350)",1
"(183, 324)",1
"(272, 400)",1
"(332, 438)",1
"(422, 383)",1
"(445, 376)",1
"(300, 288)",1
"(498, 401)",1
"(406, 483)",1
"(207, 149)",1
"(315, 339)",1
"(488, 428)",1
"(452, 306)",1
"(365, 405)",1
"(370, 274)",1
"(458, 348)",1
"(488, 305)",1
"(504, 461)",1
"(313, 372)",1
"(452, 270)",1
"(423, 500)",1
"(512, 234)",1
"(278, 343)",1
"(465, 362)",1
"(534, 317)",1
"(727, 408)",1
"(430, 372)",1
"(174, 224)",1
"(240, 175)",1
"(546, 227)",1
"(266, 343)",1
"(252, 473)",1
"(385, 325)",1
"(340, 388)",1
"(480, 316)",1
"(515, 277)",1
"(489, 370)",1
"(263, 530)",1
"(324, 458)",1
"(286, 280)",1
"(376, 252)",1
"(424, 244)",1
"(407, 430)",1
"(345, 471)",1
"(415, 223)",1
"(337, 444)",1
"(736, 375)",1
"(416, 480)",1
"(482, 444)",1
"(281, 319)",1
"(279, 319)",1
"(498, 346)",1
"(373, 333)",1
"(458, 325)",1
"(389, 408)",1
"(427, 520)",1
"(500, 311)",1
"(435, 237)",1
"(406, 309)",1
"(433, 299)",1
"(561, 294)",1
"(387, 471)",1
"(316, 323)",1
"(283, 501)",1
"(481, 396)",1
"(324, 359)",1
"(532, 302)",1
"(475, 388)",1
"(230, 191)",1
"(389, 595)",1
"(322, 485)",1
"(403, 367)",1
"(387, 496)",1
"(335, 566)",1
"(372, 389)",1
"(431, 335)",1
"(410, 338)",1
"(308, 605)",1
"(282, 276)",1
"(268, 365)",1
"(532, 289)",1
"(447, 261)",1
"(451, 680)",1
"(512, 388)",1
"(592, 452)",1
"(381, 452)",1
"(656, 452)",1
"(400, 428)",1
"(354, 270)",1
"(714, 231)",1
"(375, 365)",1
"(637, 363)",1
"(434, 550)",1
"(508, 363)",1
"(492, 619)",1
"(280, 479)",1
"(452, 551)",1
"(384, 520)",1
"(346, 298)",1
"(400, 331)",1
"(486, 418)",1
"(555, 341)",1
"(642, 260)",1
"(463, 452)",1
"(322, 531)",1
"(217, 120)",1
"(440, 441)",1
"(369, 326)",1
"(553, 528)",1
"(311, 627)",1
"(350, 388)",1
"(460, 358)",1
"(369, 500)",1
"(413, 387)",1
"(480, 625)",1
"(500, 261)",1
"(399, 501)",1
"(417, 597)",1
"(480, 307)",1
"(370, 429)",1
"(441, 450)",1
"(360, 346)",1
"(570, 350)",1
"(497, 330)",1
"(568, 400)",1
"(413, 343)",1
"(84, 185)",1
"(415, 180)",1
"(331, 359)",1
"(373, 219)",1
"(322, 364)",1
"(552, 347)",1
"(477, 390)",1
"(614, 452)",1
"(678, 310)",1
"(376, 410)",1
"(472, 554)",1
"(563, 292)",1
"(294, 335)",1
"(347, 384)",1
"(489, 299)",1
"(507, 369)",1
"(557, 372)",1
"(195, 369)",1
"(388, 335)",1
"(268, 338)",1
"(360, 375)",1
"(296, 339)",1
"(501, 399)",1
"(427, 337)",1
"(387, 417)",1
"(381, 399)",1
"(368, 576)",1
"(452, 549)",1
"(342, 269)",1
"(242, 389)",1
"(429, 351)",1
"(367, 497)",1
"(322, 455)",1
"(547, 288)",1
"(446, 678)",1
"(465, 452)",1
"(234, 459)",1
"(460, 415)",1
"(437, 285)",1
"(250, 282)",1
"(585, 491)",1
"(371, 303)",1
"(649, 369)",1
"(497, 452)",1
"(628, 312)",1
"(480, 330)",1
"(544, 354)",1
"(445, 447)",1
"(384, 397)",1
"(500, 317)",1
"(329, 206)",1
"(603, 452)",1
"(519, 335)",1
"(443, 365)",1
"(444, 371)",1
"(494, 347)",1
"(459, 392)",1
"(527, 345)",1
"(326, 389)",1
"(480, 247)",1
"(243, 372)",1
"(305, 388)",1
"(738, 399)",1
"(315, 405)",1
"(457, 360)",1
"(364, 446)",1
"(539, 452)",1
"(485, 220)",1
"(399, 343)",1
"(628, 464)",1
"(314, 611)",1
"(524, 436)",1
"(574, 348)",1
"(448, 446)",1
"(453, 534)",1
"(399, 312)",1
"(364, 405)",1
"(494, 263)",1
"(281, 431)",1
"(356, 593)",1
"(366, 516)",1
"(573, 381)",1
"(402, 414)",1
"(471, 335)",1
"(445, 393)",1
"(434, 700)",1
"(446, 335)",1
"(340, 365)",1
"(398, 361)",1
"(313, 301)",1
"(543, 353)",1
"(300, 490)",1
"(484, 429)",1
"(591, 306)",1
"(357, 554)",1
"(236, 472)",1
"(396, 472)",1
"(140, 181)",1
"(357, 199)",1
"(387, 261)",1
"(292, 285)",1
"(449, 489)",1
"(317, 480)",1
"(482, 335)",1
"(484, 468)",1
"(373, 554)",1
"(403, 624)",1
"(442, 661)",1
"(338, 305)",1
"(705, 523)",1
"(327, 442)",1
"(596, 325)",1
"(590, 411)",1
"(291, 430)",1
"(425, 447)",1
"(295, 509)",1
"(485, 428)",1
"(462, 261)",1
"(230, 273)",1
"(270, 338)",1
"(384, 344)",1
"(454, 313)",1
"(415, 703)",1
"(426, 581)",1
"(466, 249)",1
"(314, 416)",1
"(465, 364)",1
"(319, 369)",1
"(371, 349)",1
"(384, 187)",1
"(678, 405)",1
"(660, 366)",1
"(308, 393)",1
"(500, 369)",1
"(456, 337)",1
"(403, 404)",1
"(354, 737)",1
"(466, 554)",1
"(396, 375)",1
"(174, 396)",1
"(417, 421)",1
"(291, 468)",1
"(361, 443)",1
"(335, 491)",1
"(551, 384)",1
"(391, 662)",1
"(343, 596)",1
"(304, 402)",1
"(368, 526)",1
"(294, 376)",1
"(482, 333)",1
"(541, 321)",1
"(326, 640)",1
"(544, 335)",1
"(482, 589)",1
"(332, 433)",1
"(348, 626)",1
"(476, 448)",1
"(606, 366)",1
"(366, 348)",1
"(857, 350)",1
"(172, 250)",1
"(245, 350)",1
"(334, 377)",1
"(315, 568)",1
"(424, 390)",1
"(490, 365)",1
"(417, 408)",1
"(515, 380)",1
"(464, 430)",1
"(610, 457)",1
"(277, 471)",1
"(194, 463)",1
"(500, 519)",1
"(457, 626)",1
"(340, 556)",1
"(431, 396)",1
"(263, 490)",1
"(442, 465)",1
"(387, 440)",1
"(315, 346)",1
"(433, 294)",1
"(609, 414)",1
"(615, 429)",1
"(371, 414)",1
"(481, 486)",1
"(452, 542)",1
"(525, 406)",1
"(473, 605)",1
"(655, 414)",1
"(108, 220)",1
"(337, 576)",1
"(398, 457)",1
"(406, 619)",1
"(545, 414)",1
"(461, 560)",1
"(605, 352)",1
"(452, 669)",1
"(504, 344)",1
"(435, 649)",1
"(352, 446)",1
"(328, 216)",1
"(198, 401)",1
"(440, 268)",1
"(380, 218)",1
"(327, 340)",1
"(319, 516)",1
"(396, 640)",1
"(412, 388)",1
"(489, 316)",1
"(299, 447)",1
"(352, 427)",1
"(444, 338)",1
"(334, 514)",1
"(555, 350)",1
"(674, 452)",1
"(469, 450)",1
"(447, 411)",1
"(437, 446)",1
"(564, 410)",1
"(644, 453)",1
"(387, 340)",1
"(451, 320)",1
"(499, 316)",1
"(543, 324)",1
"(519, 467)",1
"(454, 319)",1
"(479, 452)",1
"(416, 624)",1
"(484, 387)",1
"(335, 521)",1
"(367, 281)",1
"(432, 232)",1
"(401, 491)",1
"(328, 528)",1
"(353, 427)",1
"(355, 382)",1
"(368, 490)",1
"(506, 329)",1
"(305, 402)",1
"(341, 329)",1
"(296, 292)",1
"(447, 410)",1
"(434, 245)",1
"(395, 607)",1
"(487, 457)",1
"(413, 452)",1
"(354, 493)",1
"(519, 406)",1
"(468, 335)",1
"(480, 396)",1
"(336, 505)",1
"(388, 515)",1
"(535, 330)",1
"(411, 369)",1
"(450, 373)",1
"(415, 678)",1
"(426, 271)",1
"(403, 496)",1
"(540, 365)",1
"(736, 410)",1
"(361, 261)",1
"(278, 335)",1
"(601, 442)",1
"(567, 452)",1
"(353, 465)",1
"(318, 346)",1
"(439, 531)",1
"(306, 500)",1
"(800, 288)",1
"(370, 382)",1
"(475, 325)",1
"(487, 344)",1
"(283, 362)",1
"(638, 417)",1
"(349, 290)",1
"(480, 348)",1
"(324, 592)",1
"(398, 541)",1
"(449, 372)",1
"(422, 447)",1
"(445, 282)",1
"(264, 357)",1
"(458, 797)",1
"(526, 526)",1
"(281, 515)",1
"(428, 593)",1
"(637, 417)",1
"(452, 631)",1
"(307, 364)",1
"(705, 369)",1
"(399, 371)",1
"(377, 452)",1
"(274, 360)",1
"(462, 663)",1
"(352, 583)",1
"(399, 377)",1
"(651, 457)",1
"(343, 430)",1
"(447, 407)",1
"(344, 544)",1
"(589, 442)",1
"(586, 501)",1
"(146, 183)",1
"(196, 228)",1
"(230, 335)",1
"(499, 371)",1
"(544, 352)",1
"(712, 431)",1
"(557, 317)",1
"(487, 489)",1
"(335, 381)",1
"(549, 395)",1
"(240, 337)",1
"(361, 486)",1
"(380, 249)",1
"(695, 404)",1
"(472, 353)",1
"(285, 498)",1
"(395, 400)",1
"(733, 414)",1
"(581, 452)",1
"(491, 341)",1
"(212, 154)",1
"(607, 335)",1
"(359, 396)",1
"(445, 290)",1
"(526, 300)",1
"(654, 418)",1
"(429, 331)",1
"(613, 329)",1
"(289, 244)",1
"(200, 416)",1
"(430, 416)",1
"(381, 365)",1
"(573, 438)",1
"(464, 305)",1
"(500, 399)",1
"(327, 580)",1
"(433, 554)",1
"(432, 267)",1
"(281, 185)",1
"(288, 217)",1
"(630, 416)",1
"(603, 346)",1
"(655, 501)",1
"(652, 469)",1
"(464, 340)",1
"(450, 372)",1
"(631, 414)",1
"(362, 737)",1
"(362, 280)",1
"(308, 332)",1
"(468, 474)",1
"(369, 383)",1
"(368, 485)",1
"(746, 419)",1
"(435, 304)",1
"(291, 218)",1
"(548, 372)",1
"(461, 317)",1
"(587, 364)",1
"(413, 367)",1
"(289, 232)",1
"(359, 373)",1
"(552, 357)",1
"(515, 373)",1
"(431, 582)",1
"(589, 315)",1
"(481, 365)",1
"(499, 320)",1
"(347, 434)",1
"(266, 175)",1
"(198, 268)",1
"(533, 344)",1
"(371, 365)",1
"(457, 378)",1
"(638, 425)",1
"(445, 364)",1
"(473, 365)",1
"(676, 380)",1
"(357, 400)",1
"(336, 265)",1
"(256, 242)",1
"(438, 366)",1
"(525, 388)",1
"(521, 349)",1
"(536, 327)",1
"(686, 385)",1
"(370, 648)",1
"(387, 465)",1
"(677, 410)",1
"(402, 390)",1
"(204, 305)",1
"(379, 447)",1
"(371, 340)",1
"(386, 341)",1
"(723, 381)",1
"(596, 338)",1
"(493, 318)",1
"(612, 410)",1
"(328, 400)",1
"(185, 127)",1
"(189, 222)",1
"(307, 218)",1
"(715, 414)",1
"(792, 488)",1
"(633, 408)",1
"(510, 316)",1
"(664, 398)",1
"(415, 439)",1
"(515, 369)",1
"(414, 287)",1
"(86, 267)",1
"(912, 600)",1
"(414, 483)",1
"(515, 309)",1
"(514, 389)",1
"(360, 389)",1
"(668, 420)",1
"(573, 433)",1
"(333, 577)",1
"(442, 335)",1
"(191, 306)",1
"(293, 540)",1
"(506, 403)",1
"(678, 355)",1
"(652, 366)",1
"(533, 350)",1
"(341, 433)",1
"(547, 350)",1
"(541, 369)",1
"(485, 327)",1
"(252, 285)",1
"(467, 424)",1
"(598, 450)",1
"(643, 476)",1
"(454, 414)",1
"(457, 277)",1
"(519, 313)",1
"(468, 329)",1
"(376, 418)",1
"(700, 465)",1
"(447, 435)",1
"(219, 191)",1
"(220, 329)",1
"(390, 408)",1
"(382, 432)",1
"(476, 315)",1
"(542, 336)",1
"(474, 335)",1
"(554, 412)",1
"(518, 379)",1
"(525, 371)",1
"(680, 417)",1
"(185, 265)",1
"(282, 210)",1
"(394, 671)",1
"(451, 608)",1
"(615, 325)",1
"(458, 416)",1
"(554, 494)",1
"(645, 365)",1
"(554, 388)",1
"(494, 397)",1
"(450, 347)",1
"(635, 398)",1
"(265, 262)",1
"(415, 276)",1
"(441, 365)",1
"(484, 413)",1
"(460, 575)",1
"(492, 389)",1
"(447, 423)",1
"(606, 318)",1
"(351, 357)",1
"(335, 588)",1
"(167, 279)",1
"(271, 227)",1
"(655, 439)",1
"(468, 260)",1
"(613, 325)",1
"(731, 393)",1
"(447, 372)",1
"(688, 414)",1
"(758, 400)",1
"(135, 168)",1
"(398, 267)",1
"(352, 389)",1
"(409, 587)",1
"(671, 285)",1
"(592, 428)",1
"(515, 346)",1
"(593, 542)",1
"(408, 617)",1
"(340, 500)",1
"(491, 392)",1
"(225, 183)",1
"(335, 253)",1
"(443, 407)",1
"(480, 535)",1
"(600, 364)",1
"(432, 293)",1
"(415, 541)",1
"(556, 377)",1
"(444, 559)",1
"(482, 353)",1
"(376, 516)",1
"(174, 173)",1
"(219, 157)",1
"(555, 336)",1
"(504, 431)",1
"(700, 383)",1
"(671, 409)",1
"(511, 329)",1
"(480, 399)",1
"(365, 340)",1
"(453, 385)",1
"(385, 480)",1
"(447, 336)",1
"(190, 127)",1
"(237, 266)",1
"(505, 343)",1
"(591, 327)",1
"(511, 493)",1
"(670, 393)",1
"(533, 400)",1
"(515, 300)",1
"(654, 413)",1
"(492, 347)",1
"(572, 324)",1
"(222, 188)",1
"(291, 247)",1
"(477, 347)",1
"(550, 337)",1
"(360, 476)",1
"(569, 342)",1
"(526, 454)",1
"(460, 300)",1
"(840, 551)",1
"(597, 356)",1
"(269, 330)",1
"(505, 381)",1
"(645, 452)",1
"(327, 392)",1
"(648, 358)",1
"(589, 441)",1
"(417, 666)",1
"(528, 327)",1
"(440, 378)",1
"(221, 239)",1
"(286, 221)",1
"(665, 420)",1
"(460, 608)",1
"(609, 461)",1
"(482, 410)",1
"(529, 360)",1
"(384, 386)",1
"(489, 326)",1
"(232, 205)",1
"(339, 237)",1
"(544, 371)",1
"(511, 412)",1
"(450, 336)",1
"(453, 350)",1
"(613, 384)",1
"(474, 382)",1
"(480, 361)",1
"(362, 272)",1
"(283, 174)",1
"(487, 370)",1
"(720, 393)",1
"(507, 443)",1
"(650, 365)",1
"(444, 667)",1
"(528, 305)",1
"(277, 171)",1
"(295, 175)",1
"(588, 414)",1
"(462, 480)",1
"(559, 326)",1
"(632, 401)",1
"(416, 367)",1
"(700, 384)",1
"(536, 335)",1
"(544, 300)",1
"(176, 115)",1
"(240, 197)",1
"(447, 345)",1
"(573, 335)",1
"(622, 410)",1
"(508, 323)",1
"(439, 429)",1
"(593, 323)",1
"(474, 347)",1
"(258, 147)",1
"(246, 213)",1
"(497, 311)",1
"(738, 371)",1
"(398, 407)",1
"(543, 379)",1
"(534, 335)",1
"(554, 401)",1
"(298, 203)",1
"(244, 235)",1
"(369, 235)",1
"(549, 377)",1
"(657, 450)",1
"(552, 450)",1
"(464, 323)",1
"(710, 407)",1
"(664, 404)",1
"(512, 416)",1
"(568, 426)",1
"(431, 347)",1
"(256, 176)",1
"(300, 213)",1
"(499, 346)",1
"(692, 411)",1
"(580, 436)",1
"(600, 301)",1
"(561, 519)",1
"(486, 437)",1
"(596, 245)",1
"(386, 489)",1
"(589, 348)",1
"(415, 693)",1
"(394, 254)",1
"(402, 468)",1
"(554, 537)",1
"(459, 612)",1
"(584, 418)",1
"(598, 436)",1
"(502, 532)",1
"(395, 464)",1
"(148, 291)",1
"(491, 394)",1
"(456, 282)",1
"(480, 418)",1
"(475, 492)",1
"(633, 469)",1
"(422, 673)",1
"(625, 452)",1
"(503, 341)",1
"(282, 124)",1
"(667, 452)",1
"(441, 557)",1
"(596, 452)",1
"(608, 475)",1
"(536, 447)",1
"(722, 375)",1
"(426, 440)",1
"(557, 335)",1
"(299, 280)",1
"(533, 369)",1
"(529, 383)",1
"(511, 413)",1
"(734, 468)",1
"(459, 479)",1
"(663, 405)",1
"(634, 456)",1
"(535, 408)",1
"(313, 208)",1
"(433, 447)",1
"(615, 425)",1
"(475, 362)",1
"(600, 370)",1
"(576, 331)",1
"(499, 409)",1
"(638, 361)",1
"(210, 151)",1
"(346, 205)",1
"(586, 395)",1
"(618, 441)",1
"(335, 577)",1
"(387, 486)",1
"(426, 449)",1
"(757, 522)",1
"(593, 369)",1
"(194, 301)",1
"(234, 249)",1
"(640, 428)",1
"(546, 477)",1
"(581, 527)",1
"(623, 455)",1
"(484, 368)",1
"(374, 576)",1
"(608, 442)",1
"(238, 257)",1
"(210, 240)",1
"(421, 447)",1
"(614, 374)",1
"(678, 415)",1
"(553, 393)",1
"(678, 410)",1
"(400, 651)",1
"(709, 475)",1
"(632, 414)",1
"(590, 386)",1
"(122, 218)",1
"(189, 227)",1
"(216, 360)",1
"(401, 225)",1
"(665, 440)",1
"(569, 449)",1
"(723, 400)",1
"(546, 351)",1
"(475, 374)",1
"(578, 435)",1
"(514, 501)",1
"(479, 404)",1
"(519, 359)",1
"(538, 370)",1
"(184, 255)",1
"(375, 287)",1
"(632, 490)",1
"(589, 479)",1
"(627, 318)",1
"(389, 649)",1
"(457, 452)",1
"(640, 425)",1
"(505, 320)",1
"(630, 458)",1
"(576, 356)",1
"(298, 172)",1
"(459, 596)",1
"(609, 412)",1
"(587, 425)",1
"(600, 431)",1
"(602, 434)",1
"(286, 278)",1
"(502, 283)",1
"(587, 404)",1
"(517, 355)",1
"(494, 682)",1
"(698, 432)",1
"(512, 403)",1
"(629, 408)",1
"(603, 405)",1
"(599, 431)",1
"(501, 376)",1
"(255, 222)",1
"(378, 193)",1
"(705, 439)",1
"(426, 659)",1
"(511, 388)",1
"(437, 472)",1
"(515, 387)",1
"(723, 423)",1
"(594, 415)",1
"(207, 204)",1
"(612, 345)",1
"(638, 435)",1
"(675, 453)",1
"(639, 470)",1
"(544, 392)",1
"(629, 454)",1
"(516, 358)",1
"(669, 350)",1
"(393, 612)",1
"(554, 397)",1
"(142, 122)",1
"(280, 309)",1
"(580, 429)",1
"(554, 484)",1
"(729, 381)",1
"(487, 350)",1
"(625, 386)",1
"(593, 409)",1
"(507, 452)",1
"(654, 464)",1
"(638, 428)",1
"(695, 441)",1
"(222, 227)",1
"(450, 334)",1
"(563, 377)",1
"(743, 400)",1
"(589, 380)",1
"(1048, 378)",1
"(550, 394)",1
"(484, 388)",1
"(519, 416)",1
"(711, 414)",1
"(193, 237)",1
"(442, 273)",1
"(728, 500)",1
"(415, 518)",1
"(679, 419)",1
"(736, 384)",1
"(600, 428)",1
"(657, 414)",1
"(638, 463)",1
"(377, 263)",1
"(263, 281)",1
"(621, 466)",1
"(630, 389)",1
"(653, 444)",1
"(640, 420)",1
"(384, 422)",1
"(649, 472)",1
"(678, 400)",1
"(493, 433)",1
"(278, 227)",1
"(272, 180)",1
"(223, 177)",1
"(381, 348)",1
"(449, 680)",1
"(636, 454)",1
"(638, 448)",1
"(608, 356)",1
"(674, 509)",1
"(800, 486)",1
"(449, 619)",1
"(707, 383)",1
"(701, 500)",1
"(635, 360)",1
"(400, 271)",1
"(630, 414)",1
"(529, 486)",1
"(463, 598)",1
"(636, 474)",1
"(642, 468)",1
"(662, 452)",1
"(531, 440)",1
"(408, 506)",1
"(206, 250)",1
"(359, 243)",1
"(627, 392)",1
"(638, 436)",1
"(745, 656)",1
"(495, 480)",1
"(638, 438)",1
"(731, 400)",1
"(683, 701)",1
"(850, 753)",1
"(194, 304)",1
"(219, 303)",1
"(480, 502)",1
"(735, 364)",1
"(633, 349)",1
"(717, 670)",1
"(639, 461)",1
"(525, 479)",1
"(678, 447)",1
"(554, 493)",1
"(256, 222)",1
"(373, 261)",1
"(620, 491)",1
"(619, 466)",1
"(591, 619)",1
"(750, 400)",1
"(679, 359)",1
"(929, 622)",1
"(665, 445)",1
"(725, 467)",1
"(641, 486)",1
"(260, 180)",1
"(499, 224)",1
"(659, 448)",1
"(534, 469)",1
"(571, 407)",1
"(638, 434)",1
"(560, 425)",1
"(480, 484)",1
"(694, 521)",1
"(671, 396)",1
"(357, 247)",1
"(570, 439)",1
"(432, 500)",1
"(494, 585)",1
"(781, 613)",1
"(720, 522)",1
"(739, 448)",1
"(562, 517)",1
"(609, 400)",1
"(586, 577)",1
"(846, 470)",1
"(246, 186)",1
"(320, 215)",1
"(862, 720)",1
"(616, 417)",1
"(812, 634)",1
"(527, 540)",1
"(961, 641)",1
"(757, 667)",1
"(593, 418)",1
"(657, 452)",1
"(627, 480)",1
"(612, 477)",1
"(769, 732)",1
"(598, 413)",1
"(657, 432)",1
"(1024, 881)",1
"(638, 466)",1
"(800, 562)",1
"(405, 252)",1
"(718, 433)",1
"(610, 442)",1
"(700, 634)",1
"(714, 562)",1
"(588, 395)",1
"(900, 642)",1
"(672, 476)",1
"(550, 777)",1
"(960, 581)",1
"(178, 152)",1
"(166, 225)",1
"(274, 321)",1
"(285, 195)",1
"(913, 510)",1
"(800, 510)",1
"(767, 618)",1
"(700, 570)",1
"(719, 450)",1
"(1024, 600)",1
"(958, 754)",1
"(1121, 787)",1
"(1176, 781)",1
"(1200, 727)",1
"(347, 160)",1
"(264, 195)",1
"(698, 392)",1
"(797, 558)",1
"(700, 506)",1
"(855, 537)",1
"(883, 566)",1
"(1080, 608)",1
"(1080, 720)",1
"(748, 543)",1
"(715, 420)",1
"(177, 270)",1
"(231, 187)",1
"(694, 678)",1
"(993, 563)",1
"(740, 488)",1
"(640, 468)",1
"(1011, 755)",1
"(638, 440)",1
"(1004, 853)",1
"(700, 639)",1
"(960, 632)",1
"(1500, 889)",1
"(253, 300)",1
"(350, 279)",1
"(937, 600)",1
"(892, 846)",1
"(1080, 950)",1
"(710, 543)",1
"(800, 601)",1
"(1077, 675)",1
"(900, 546)",1
"(909, 618)",1
"(263, 263)",1
"(166, 371)",1
"(736, 611)",1
"(1176, 826)",1
"(1212, 500)",1
"(1160, 793)",1
"(813, 581)",1
"(1182, 733)",1
"(1046, 853)",1
"(277, 314)",1
"(359, 287)",1
"(852, 590)",1
"(870, 758)",1
"(711, 903)",1
"(950, 650)",1
"(979, 682)",1
"(849, 800)",1
"(1112, 800)",1
"(1280, 665)",1
"(1495, 1216)",1
"(1044, 561)",1
"(281, 210)",1
"(1109, 780)",1
"(1050, 639)",1
"(1026, 856)",1
"(1132, 719)",1
"(1594, 936)",1
"(781, 828)",1
"(1258, 860)",1
"(1470, 980)",1
"(447, 354)",1
"(926, 889)",1
"(1560, 1414)",1
"(1020, 688)",1
"(1097, 953)",1
"(1131, 945)",1
"(855, 1090)",1
"(1067, 1080)",1
"(1139, 853)",1
"(335, 223)",1
"(1600, 1030)",1
"(931, 717)",1
"(977, 664)",1
"(853, 1137)",1
"(1200, 737)",1
"(1080, 805)",1
"(1279, 853)",1
"(969, 711)",1
"(1229, 772)",1
"(1641, 1042)",1
"(1129, 843)",1
"(1321, 770)",1
"(1200, 857)",1
"(1195, 713)",1
"(1223, 707)",1
"(806, 674)",1
"(974, 1284)",1
"(1096, 646)",1
"(276, 179)",1
"(191, 213)",1
"(340, 227)",1
"(1080, 767)",1
"(1426, 1035)",1
"(1083, 706)",1
"(1262, 687)",1
"(1500, 925)",1
"(993, 639)",1
"(1170, 656)",1
"(1600, 1083)",1
"(1250, 1215)",1
"(1919, 1079)",1
"(230, 241)",1
"(355, 216)",1
"(1149, 675)",1
"(1071, 1500)",1
"(1080, 964)",1
"(1725, 1496)",1
"(2500, 1924)",1
"(1320, 1311)",1
"(1581, 1089)",1
"(1500, 1000)",1
"(1293, 1066)",1
"(1398, 1500)",1
"(297, 174)",1
"(504, 351)",1
"(1024, 1197)",1
"(2500, 2320)",1
"(1950, 1319)",1
"(1557, 1718)",1
"(1456, 1093)",1
"(2292, 1907)",1
"(1404, 1114)",1
"(1919, 1516)",1
"(2529, 1544)",1
"(243, 280)",1
"(1794, 1299)",1
"(1330, 1907)",1
"(1355, 1212)",1
"(1465, 1143)",1
"(2154, 1451)",1
"(2100, 1500)",1
"(1903, 1862)",1
"(1594, 1773)",1
"(1943, 1500)",1
"(287, 183)",1
"(2407, 2500)",1
"(2464, 2500)",1
"(1839, 2557)",1
"(1644, 1770)",1
"(2560, 1828)",1
"(1733, 1873)",1
"(2482, 1707)",1
"(1767, 1177)",1
"(2258, 1644)",1
"(1835, 2005)",1
"(487, 299)",1
"(2804, 2031)",1
"(2406, 1745)",1
"(3744, 3744)",1
"(3627, 1822)",1
"(3468, 3166)",1
"(3624, 2116)",1
"(3580, 2174)",1
"(3363, 4355)",1
"(3914, 3424)",1
"(3648, 5334)",1
"(272, 284)",1
"(2688, 3506)",1
"(452, 315)",1
"(198, 276)",1
"(413, 206)",1
"(600, 402)",1
"(444, 311)",1
"(441, 316)",1
"(252, 184)",1
"(158, 177)",1
"(283, 157)",1
"(272, 333)",1
"(129, 230)",1
"(289, 180)",1
"(243, 305)",1
"(165, 320)",1
"(223, 288)",1
"(384, 217)",1
"(189, 342)",1
"(447, 434)",1
"(280, 264)",1
"(202, 372)",1
"(432, 279)",1
"(217, 421)",1
"(251, 316)",1
"(346, 270)",1
"(410, 346)",1
"(400, 365)",1
"(393, 353)",1
"(422, 298)",1
"(264, 441)",1
"(356, 456)",1
"(457, 272)",1
"(446, 408)",1
"(355, 452)",1
"(600, 470)",1
"(235, 266)",1
"(644, 474)",1
"(524, 402)",1
"(481, 379)",1
"(406, 453)",1
"(574, 422)",1
"(597, 325)",1
"(500, 326)",1
"(358, 440)",1
"(475, 417)",1
"(410, 432)",1
"(638, 433)",1
"(306, 576)",1
"(408, 331)",1
"(481, 357)",1
"(618, 423)",1
"(448, 356)",1
"(774, 400)",1
"(658, 414)",1
"(568, 448)",1
"(352, 225)",1
"(217, 335)",1
"(610, 414)",1
"(598, 434)",1
"(567, 361)",1
"(658, 431)",1
"(586, 406)",1
"(217, 193)",1
"(370, 215)",1
"(323, 311)",1
"(474, 337)",1
"(457, 302)",1
"(335, 496)",1
"(415, 628)",1
"(692, 429)",1
"(428, 360)",1
"(456, 302)",1
"(298, 264)",1
"(355, 240)",1
"(425, 567)",1
"(549, 451)",1
"(638, 393)",1
"(590, 330)",1
"(653, 393)",1
"(550, 411)",1
"(407, 463)",1
"(518, 365)",1
"(353, 661)",1
"(510, 302)",1
"(660, 441)",1
"(677, 433)",1
"(617, 363)",1
"(579, 344)",1
"(700, 539)",1
"(361, 569)",1
"(542, 418)",1
"(425, 512)",1
"(480, 581)",1
"(259, 243)",1
"(329, 315)",1
"(569, 403)",1
"(434, 627)",1
"(245, 187)",1
"(226, 198)",1
"(361, 246)",1
"(284, 378)",1
"(395, 360)",1
"(307, 227)",1
"(297, 210)",1
"(599, 470)",1
"(430, 333)",1
"(318, 189)",1
"(361, 332)",1
"(290, 429)",1
"(313, 246)",1
"(500, 422)",1
"(195, 304)",1
"(342, 216)",1
"(370, 337)",1
"(286, 312)",1
"(134, 217)",1
"(276, 258)",1
"(236, 335)",1
"(243, 214)",1
"(213, 274)",1
"(241, 133)",1
"(381, 309)",1
"(227, 177)",1
"(319, 240)",1
"(311, 327)",1
"(292, 366)",1
"(463, 324)",1
"(206, 401)",1
"(299, 204)",1
"(501, 356)",1
"(111, 200)",1
"(361, 209)",1
"(155, 264)",1
"(269, 197)",1
"(240, 178)",1
"(500, 359)",1
"(447, 291)",1
"(315, 236)",1
"(412, 289)",1
"(415, 320)",1
"(375, 273)",1
"(333, 259)",1
"(219, 174)",1
"(360, 351)",1
"(249, 266)",1
"(282, 360)",1
"(260, 360)",1
"(368, 260)",1
"(398, 356)",1
"(293, 300)",1
"(236, 252)",1
"(311, 280)",1
"(225, 304)",1
"(588, 360)",1
"(181, 298)",1
"(547, 427)",1
"(384, 285)",1
"(234, 182)",1
"(589, 369)",1
"(437, 331)",1
"(499, 372)",1
"(387, 217)",1
"(487, 220)",1
"(342, 446)",1
"(334, 201)",1
"(162, 265)",1
"(587, 378)",1
"(235, 223)",1
"(171, 108)",1
"(369, 319)",1
"(334, 292)",1
"(387, 432)",1
"(528, 350)",1
"(369, 278)",1
"(235, 173)",1
"(331, 312)",1
"(186, 363)",1
"(163, 239)",1
"(300, 211)",1
"(449, 360)",1
"(309, 403)",1
"(396, 285)",1
"(554, 421)",1
"(352, 267)",1
"(320, 228)",1
"(363, 229)",1
"(454, 393)",1
"(274, 306)",1
"(270, 275)",1
"(207, 569)",1
"(412, 370)",1
"(480, 540)",1
"(258, 288)",1
"(387, 400)",1
"(564, 354)",1
"(279, 199)",1
"(263, 335)",1
"(217, 315)",1
"(582, 230)",1
"(106, 230)",1
"(269, 230)",1
"(420, 227)",1
"(686, 446)",1
"(342, 210)",1
"(292, 335)",1
"(316, 214)",1
"(410, 301)",1
"(241, 491)",1
"(479, 334)",1
"(344, 261)",1
"(241, 192)",1
"(186, 172)",1
"(483, 359)",1
"(400, 322)",1
"(365, 312)",1
"(508, 360)",1
"(382, 240)",1
"(545, 425)",1
"(393, 216)",1
"(355, 440)",1
"(288, 390)",1
"(342, 229)",1
"(202, 259)",1
"(335, 404)",1
"(402, 738)",1
"(282, 288)",1
"(384, 348)",1
"(446, 292)",1
"(337, 250)",1
"(308, 213)",1
"(526, 520)",1
"(488, 349)",1
"(538, 626)",1
"(374, 222)",1
"(417, 575)",1
"(526, 351)",1
"(331, 384)",1
"(570, 450)",1
"(378, 301)",1
"(220, 398)",1
"(480, 266)",1
"(571, 447)",1
"(366, 226)",1
"(344, 395)",1
"(419, 180)",1
"(446, 274)",1
"(562, 427)",1
"(344, 286)",1
"(762, 494)",1
"(400, 291)",1
"(742, 626)",1
"(300, 210)",1
"(638, 826)",1
"(337, 236)",1
"(941, 575)",1
"(291, 189)",1
"(2656, 2006)",1
"(314, 365)",1
"(322, 219)",1
"(201, 132)",1
"(358, 348)",1
"(136, 147)",1
"(447, 317)",1
"(202, 224)",1
"(400, 240)",1
"(306, 206)",1
"(601, 397)",1
"(205, 328)",1
"(346, 229)",1
"(206, 187)",1
"(440, 360)",1
"(366, 363)",1
"(200, 225)",1
"(313, 225)",1
"(522, 354)",1
"(227, 165)",1
"(139, 190)",1
"(236, 419)",1
"(362, 409)",1
"(538, 338)",1
"(438, 278)",1
"(405, 228)",1
"(321, 154)",1
"(238, 215)",1
"(285, 341)",1
"(222, 176)",1
"(253, 327)",1
"(401, 280)",1
"(240, 338)",1
"(398, 255)",1
"(407, 326)",1
"(237, 163)",1
"(278, 245)",1
"(530, 373)",1
"(567, 225)",1
"(228, 181)",1
"(235, 269)",1
"(313, 187)",1
"(218, 263)",1
"(254, 274)",1
"(587, 293)",1
"(145, 134)",1
"(447, 386)",1
"(481, 415)",1
"(393, 358)",1
"(178, 168)",1
"(291, 192)",1
"(261, 280)",1
"(223, 266)",1
"(266, 201)",1
"(339, 223)",1
"(489, 353)",1
"(224, 280)",1
"(263, 199)",1
"(213, 250)",1
"(309, 197)",1
"(550, 485)",1
"(216, 272)",1
"(367, 208)",1
"(418, 333)",1
"(464, 390)",1
"(296, 201)",1
"(252, 177)",1
"(634, 414)",1
"(214, 358)",1
"(370, 236)",1
"(558, 474)",1
"(227, 280)",1
"(344, 239)",1
"(490, 333)",1
"(289, 453)",1
"(387, 345)",1
"(196, 307)",1
"(367, 337)",1
"(267, 226)",1
"(305, 365)",1
"(214, 264)",1
"(489, 259)",1
"(90, 355)",1
"(230, 192)",1
"(268, 229)",1
"(192, 197)",1
"(324, 237)",1
"(471, 319)",1
"(207, 280)",1
"(335, 343)",1
"(248, 349)",1
"(317, 187)",1
"(299, 189)",1
"(186, 274)",1
"(348, 250)",1
"(334, 232)",1
"(211, 305)",1
"(146, 186)",1
"(364, 210)",1
"(279, 256)",1
"(571, 319)",1
"(309, 271)",1
"(362, 214)",1
"(361, 254)",1
"(258, 212)",1
"(241, 351)",1
"(233, 404)",1
"(296, 334)",1
"(228, 236)",1
"(285, 354)",1
"(184, 200)",1
"(369, 290)",1
"(305, 220)",1
"(409, 387)",1
"(314, 261)",1
"(412, 278)",1
"(168, 193)",1
"(314, 200)",1
"(415, 360)",1
"(496, 304)",1
"(316, 367)",1
"(323, 174)",1
"(340, 351)",1
"(321, 216)",1
"(243, 359)",1
"(319, 302)",1
"(375, 238)",1
"(381, 209)",1
"(352, 242)",1
"(523, 262)",1
"(362, 268)",1
"(303, 333)",1
"(370, 374)",1
"(271, 333)",1
"(342, 211)",1
"(159, 352)",1
"(295, 360)",1
"(343, 267)",1
"(326, 245)",1
"(465, 339)",1
"(400, 317)",1
"(184, 201)",1
"(285, 203)",1
"(489, 257)",1
"(395, 395)",1
"(379, 332)",1
"(389, 355)",1
"(402, 262)",1
"(382, 247)",1
"(329, 233)",1
"(340, 371)",1
"(322, 246)",1
"(288, 297)",1
"(160, 352)",1
"(294, 360)",1
"(277, 238)",1
"(333, 277)",1
"(452, 359)",1
"(265, 196)",1
"(258, 347)",1
"(472, 337)",1
"(338, 303)",1
"(391, 216)",1
"(312, 358)",1
"(342, 201)",1
"(109, 191)",1
"(532, 325)",1
"(314, 252)",1
"(312, 280)",1
"(365, 308)",1
"(386, 280)",1
"(524, 550)",1
"(461, 335)",1
"(321, 234)",1
"(326, 237)",1
"(490, 296)",1
"(488, 326)",1
"(426, 294)",1
"(330, 276)",1
"(435, 363)",1
"(278, 183)",1
"(470, 353)",1
"(352, 331)",1
"(235, 434)",1
"(242, 188)",1
"(310, 280)",1
"(381, 377)",1
"(222, 183)",1
"(199, 114)",1
"(260, 205)",1
"(401, 399)",1
"(282, 236)",1
"(310, 246)",1
"(400, 293)",1
"(371, 253)",1
"(422, 410)",1
"(369, 320)",1
"(217, 308)",1
"(379, 280)",1
"(313, 277)",1
"(444, 359)",1
"(464, 279)",1
"(260, 220)",1
"(168, 194)",1
"(244, 300)",1
"(583, 389)",1
"(399, 357)",1
"(463, 359)",1
"(336, 365)",1
"(275, 472)",1
"(230, 305)",1
"(368, 300)",1
"(358, 316)",1
"(373, 260)",1
"(319, 244)",1
"(433, 438)",1
"(385, 268)",1
"(305, 283)",1
"(704, 367)",1
"(415, 559)",1
"(292, 214)",1
"(254, 187)",1
"(720, 360)",1
"(265, 342)",1
"(457, 275)",1
"(403, 243)",1
"(341, 382)",1
"(473, 301)",1
"(382, 403)",1
"(340, 238)",1
"(341, 384)",1
"(357, 286)",1
"(357, 345)",1
"(394, 414)",1
"(484, 359)",1
"(378, 293)",1
"(321, 290)",1
"(297, 466)",1
"(206, 301)",1
"(194, 225)",1
"(554, 361)",1
"(342, 350)",1
"(206, 274)",1
"(500, 367)",1
"(343, 210)",1
"(500, 710)",1
"(313, 408)",1
"(343, 318)",1
"(411, 362)",1
"(322, 372)",1
"(378, 263)",1
"(377, 282)",1
"(215, 133)",1
"(459, 306)",1
"(400, 352)",1
"(520, 349)",1
"(649, 268)",1
"(404, 290)",1
"(435, 333)",1
"(538, 550)",1
"(395, 280)",1
"(228, 420)",1
"(334, 422)",1
"(407, 461)",1
"(578, 360)",1
"(374, 223)",1
"(509, 350)",1
"(414, 369)",1
"(533, 319)",1
"(518, 487)",1
"(432, 346)",1
"(521, 401)",1
"(232, 167)",1
"(213, 266)",1
"(425, 292)",1
"(335, 358)",1
"(489, 360)",1
"(322, 208)",1
"(562, 555)",1
"(636, 493)",1
"(515, 349)",1
"(486, 348)",1
"(424, 310)",1
"(462, 606)",1
"(409, 299)",1
"(318, 235)",1
"(416, 437)",1
"(430, 301)",1
"(109, 209)",1
"(169, 307)",1
"(303, 270)",1
"(500, 649)",1
"(418, 426)",1
"(486, 175)",1
"(626, 253)",1
"(304, 224)",1
"(305, 239)",1
"(384, 277)",1
"(280, 268)",1
"(556, 1812)",1
"(401, 309)",1
"(1101, 905)",1
"(597, 262)",1
"(164, 144)",1
"(296, 230)",1
"(992, 1624)",1
"(521, 331)",1
"(2636, 1989)",1
"(471, 337)",1
"(2635, 1988)",1
"(253, 287)",1
"(1272, 2896)",1
"(481, 518)",1
"(1477, 1225)",1
"(403, 275)",1
"(357, 362)",1
"(232, 178)",1
"(423, 196)",1
"(125, 139)",1
"(497, 364)",1
"(189, 164)",1
"(196, 339)",1
"(446, 297)",1
"(447, 348)",1
"(221, 242)",1
"(320, 204)",1
"(170, 276)",1
"(537, 366)",1
"(474, 325)",1
"(409, 295)",1
"(178, 155)",1
"(305, 184)",1
"(329, 265)",1
"(114, 169)",1
"(317, 280)",1
"(487, 318)",1
"(476, 332)",1
"(219, 243)",1
"(471, 417)",1
"(244, 230)",1
"(346, 306)",1
"(337, 280)",1
"(416, 242)",1
"(297, 196)",1
"(254, 216)",1
"(266, 235)",1
"(567, 405)",1
"(280, 243)",1
"(574, 333)",1
"(114, 224)",1
"(90, 326)",1
"(219, 268)",1
"(361, 363)",1
"(273, 259)",1
"(544, 182)",1
"(303, 223)",1
"(396, 338)",1
"(370, 231)",1
"(361, 275)",1
"(233, 242)",1
"(500, 372)",1
"(208, 263)",1
"(364, 308)",1
"(230, 356)",1
"(354, 274)",1
"(195, 205)",1
"(308, 217)",1
"(335, 278)",1
"(322, 345)",1
"(411, 316)",1
"(578, 246)",1
"(128, 215)",1
"(470, 304)",1
"(288, 271)",1
"(307, 263)",1
"(318, 261)",1
"(329, 244)",1
"(370, 317)",1
"(299, 222)",1
"(223, 260)",1
"(249, 349)",1
"(406, 351)",1
"(387, 413)",1
"(293, 224)",1
"(480, 324)",1
"(390, 287)",1
"(83, 309)",1
"(231, 161)",1
"(386, 353)",1
"(424, 419)",1
"(171, 293)",1
"(279, 223)",1
"(371, 290)",1
"(146, 567)",1
"(447, 314)",1
"(415, 481)",1
"(499, 280)",1
"(303, 143)",1
"(394, 225)",1
"(419, 318)",1
"(671, 401)",1
"(318, 340)",1
"(348, 301)",1
"(124, 288)",1
"(493, 307)",1
"(218, 268)",1
"(417, 287)",1
"(315, 261)",1
"(225, 266)",1
"(224, 277)",1
"(250, 138)",1
"(245, 251)",1
"(300, 280)",1
"(326, 240)",1
"(372, 251)",1
"(357, 325)",1
"(449, 346)",1
"(416, 310)",1
"(519, 376)",1
"(304, 243)",1
"(400, 292)",1
"(150, 185)",1
"(234, 205)",1
"(274, 322)",1
"(547, 335)",1
"(410, 359)",1
"(370, 333)",1
"(279, 239)",1
"(264, 358)",1
"(385, 241)",1
"(597, 283)",1
"(551, 360)",1
"(374, 226)",1
"(327, 228)",1
"(295, 270)",1
"(426, 387)",1
"(437, 351)",1
"(324, 297)",1
"(236, 259)",1
"(297, 176)",1
"(457, 280)",1
"(331, 251)",1
"(524, 549)",1
"(530, 366)",1
"(329, 273)",1
"(291, 269)",1
"(616, 294)",1
"(447, 310)",1
"(533, 280)",1
"(400, 306)",1
"(447, 324)",1
"(469, 379)",1
"(592, 380)",1
"(330, 273)",1
"(479, 311)",1
"(293, 373)",1
"(182, 159)",1
"(184, 285)",1
"(275, 340)",1
"(466, 409)",1
"(383, 296)",1
"(400, 254)",1
"(325, 240)",1
"(495, 339)",1
"(324, 277)",1
"(416, 378)",1
"(348, 313)",1
"(426, 346)",1
"(678, 435)",1
"(397, 347)",1
"(380, 267)",1
"(665, 429)",1
"(419, 283)",1
"(290, 251)",1
"(397, 236)",1
"(365, 242)",1
"(434, 285)",1
"(345, 475)",1
"(497, 350)",1
"(304, 368)",1
"(447, 393)",1
"(453, 331)",1
"(351, 280)",1
"(490, 258)",1
"(284, 452)",1
"(422, 254)",1
"(232, 134)",1
"(259, 301)",1
"(387, 247)",1
"(535, 480)",1
"(344, 276)",1
"(320, 344)",1
"(633, 399)",1
"(433, 316)",1
"(458, 259)",1
"(403, 271)",1
"(387, 446)",1
"(432, 266)",1
"(369, 386)",1
"(532, 280)",1
"(387, 429)",1
"(418, 267)",1
"(130, 200)",1
"(138, 229)",1
"(183, 189)",1
"(197, 255)",1
"(502, 427)",1
"(446, 350)",1
"(342, 230)",1
"(495, 332)",1
"(641, 334)",1
"(422, 288)",1
"(302, 352)",1
"(373, 255)",1
"(484, 358)",1
"(262, 291)",1
"(365, 482)",1
"(483, 666)",1
"(690, 443)",1
"(163, 240)",1
"(526, 299)",1
"(310, 452)",1
"(213, 252)",1
"(492, 408)",1
"(223, 433)",1
"(587, 411)",1
"(593, 228)",1
"(497, 219)",1
"(338, 493)",1
"(621, 266)",1
"(346, 388)",1
"(439, 383)",1
"(364, 321)",1
"(640, 399)",1
"(303, 413)",1
"(406, 508)",1
"(389, 224)",1
"(640, 383)",1
"(285, 256)",1
"(452, 330)",1
"(516, 314)",1
"(457, 475)",1
"(438, 439)",1
"(207, 302)",1
"(401, 281)",1
"(611, 811)",1
"(354, 388)",1
"(514, 359)",1
"(680, 528)",1
"(408, 287)",1
"(1433, 980)",1
"(548, 554)",1
"(990, 1280)",1
"(387, 259)",1
"(200, 186)",1
"(1500, 1095)",1
"(349, 391)",1
"(1761, 1997)",1
"(392, 338)",1
"(1624, 2054)",1
"(424, 281)",1
"(2229, 1963)",1
"(400, 313)",1
"(2511, 2876)",1
"(386, 501)",1
"(1274, 2897)",1
"(1289, 2943)",1
"(352, 227)",1
"(4148, 2563)",1
"(488, 327)",1
"(4143, 2563)",1
"(379, 241)",1
"(140, 120)",1
"(477, 348)",1
"(190, 166)",1
"(493, 366)",1
"(162, 131)",1
"(425, 250)",1
"(105, 211)",1
"(498, 332)",1
"(317, 243)",1
"(435, 296)",1
"(678, 412)",1
"(218, 170)",1
"(319, 290)",1
"(606, 505)",1
"(291, 196)",1
"(308, 260)",1
"(471, 365)",1
"(208, 174)",1
"(481, 352)",1
"(200, 327)",1
"(465, 331)",1
"(333, 380)",1
"(321, 327)",1
"(335, 289)",1
"(432, 414)",1
"(309, 278)",1
"(713, 393)",1
"(257, 205)",1
"(536, 371)",1
"(503, 344)",1
"(241, 208)",1
"(336, 261)",1
"(279, 250)",1
"(528, 335)",1
"(511, 407)",1
"(496, 335)",1
"(353, 395)",1
"(446, 506)",1
"(307, 271)",1
"(354, 472)",1
"(480, 224)",1
"(299, 270)",1
"(564, 346)",1
"(343, 447)",1
"(266, 238)",1
"(340, 250)",1
"(297, 503)",1
"(358, 224)",1
"(340, 272)",1
"(598, 338)",1
"(399, 240)",1
"(578, 304)",1
"(260, 301)",1
"(265, 325)",1
"(160, 275)",1
"(269, 250)",1
"(475, 299)",1
"(371, 366)",1
"(415, 279)",1
"(415, 333)",1
"(417, 349)",1
"(483, 410)",1
"(336, 287)",1
"(285, 311)",1
"(479, 640)",1
"(88, 466)",1
"(427, 326)",1
"(612, 246)",1
"(413, 480)",1
"(335, 386)",1
"(431, 450)",1
"(399, 353)",1
"(415, 511)",1
"(302, 404)",1
"(521, 250)",1
"(594, 354)",1
"(400, 320)",1
"(564, 417)",1
"(153, 263)",1
"(504, 363)",1
"(443, 313)",1
"(489, 269)",1
"(460, 381)",1
"(505, 232)",1
"(316, 224)",1
"(561, 378)",1
"(480, 360)",1
"(633, 413)",1
"(664, 439)",1
"(466, 236)",1
"(252, 291)",1
"(561, 361)",1
"(236, 196)",1
"(192, 238)",1
"(385, 348)",1
"(214, 411)",1
"(478, 352)",1
"(365, 473)",1
"(428, 373)",1
"(594, 346)",1
"(666, 460)",1
"(693, 458)",1
"(501, 333)",1
"(598, 843)",1
"(467, 342)",1
"(360, 315)",1
"(1080, 809)",1
"(332, 231)",1
"(307, 243)",1
"(246, 218)",1
"(299, 364)",1
"(702, 437)",1
"(374, 318)",1
"(1286, 1079)",1
"(554, 514)",1
"(405, 335)",1
"(597, 341)",1
"(1365, 1385)",1
"(396, 297)",1
"(1365, 1400)",1
"(1365, 1392)",1
"(2326, 2589)",1
"(406, 554)",1
"(339, 222)",1
"(5199, 3710)",1
"(493, 308)",1
"(3911, 2904)",1
"(363, 249)",1
"(3902, 2896)",1
"(582, 438)",1
"(520, 293)",1
"(166, 177)",1
"(506, 300)",1
"(126, 147)",1
"(516, 354)",1
"(237, 158)",1
"(404, 292)",1
"(241, 159)",1
"(371, 251)",1
"(246, 115)",1
"(233, 284)",1
"(321, 297)",1
"(190, 115)",1
"(292, 348)",1
"(81, 250)",1
"(226, 191)",1
"(320, 286)",1
"(112, 181)",1
"(480, 545)",1
"(606, 399)",1
"(216, 175)",1
"(223, 334)",1
"(369, 414)",1
"(313, 188)",1
"(208, 308)",1
"(420, 279)",1
"(447, 288)",1
"(304, 279)",1
"(291, 370)",1
"(331, 380)",1
"(394, 332)",1
"(477, 295)",1
"(386, 194)",1
"(339, 279)",1
"(274, 364)",1
"(295, 423)",1
"(369, 258)",1
"(478, 343)",1
"(398, 312)",1
"(445, 375)",1
"(211, 245)",1
"(300, 260)",1
"(335, 367)",1
"(486, 338)",1
"(554, 614)",1
"(289, 217)",1
"(371, 263)",1
"(308, 271)",1
"(381, 378)",1
"(349, 276)",1
"(623, 348)",1
"(332, 212)",1
"(617, 406)",1
"(335, 581)",1
"(341, 240)",1
"(224, 398)",1
"(371, 309)",1
"(347, 385)",1
"(554, 436)",1
"(297, 395)",1
"(197, 174)",1
"(250, 242)",1
"(515, 384)",1
"(332, 395)",1
"(448, 351)",1
"(613, 457)",1
"(601, 457)",1
"(678, 337)",1
"(546, 554)",1
"(429, 405)",1
"(347, 236)",1
"(121, 368)",1
"(140, 256)",1
"(204, 236)",1
"(581, 472)",1
"(619, 254)",1
"(240, 421)",1
"(700, 430)",1
"(329, 293)",1
"(447, 298)",1
"(364, 250)",1
"(410, 537)",1
"(283, 544)",1
"(282, 209)",1
"(387, 389)",1
"(600, 343)",1
"(320, 226)",1
"(473, 270)",1
"(528, 356)",1
"(424, 254)",1
"(399, 321)",1
"(572, 312)",1
"(173, 181)",1
"(232, 404)",1
"(298, 390)",1
"(561, 400)",1
"(382, 319)",1
"(398, 288)",1
"(437, 296)",1
"(373, 339)",1
"(360, 281)",1
"(296, 364)",1
"(610, 341)",1
"(163, 180)",1
"(303, 236)",1
"(479, 417)",1
"(468, 350)",1
"(228, 423)",1
"(555, 302)",1
"(523, 324)",1
"(361, 288)",1
"(461, 354)",1
"(377, 271)",1
"(298, 279)",1
"(268, 489)",1
"(466, 297)",1
"(550, 325)",1
"(439, 323)",1
"(693, 414)",1
"(453, 256)",1
"(568, 352)",1
"(336, 356)",1
"(495, 438)",1
"(202, 236)",1
"(284, 178)",1
"(387, 477)",1
"(272, 383)",1
"(387, 451)",1
"(480, 323)",1
"(465, 407)",1
"(326, 416)",1
"(472, 335)",1
"(508, 352)",1
"(377, 203)",1
"(371, 452)",1
"(354, 251)",1
"(643, 349)",1
"(485, 230)",1
"(648, 453)",1
"(335, 478)",1
"(395, 365)",1
"(420, 404)",1
"(431, 315)",1
"(162, 303)",1
"(260, 464)",1
"(368, 393)",1
"(738, 382)",1
"(487, 303)",1
"(472, 410)",1
"(450, 286)",1
"(334, 322)",1
"(524, 397)",1
"(550, 550)",1
"(181, 200)",1
"(377, 210)",1
"(335, 457)",1
"(272, 505)",1
"(678, 425)",1
"(511, 365)",1
"(248, 443)",1
"(335, 317)",1
"(534, 554)",1
"(345, 363)",1
"(256, 205)",1
"(530, 335)",1
"(599, 342)",1
"(490, 543)",1
"(498, 374)",1
"(394, 299)",1
"(425, 257)",1
"(410, 442)",1
"(484, 270)",1
"(525, 380)",1
"(207, 200)",1
"(101, 213)",1
"(341, 245)",1
"(571, 414)",1
"(719, 423)",1
"(447, 316)",1
"(378, 529)",1
"(395, 243)",1
"(456, 271)",1
"(604, 420)",1
"(217, 153)",1
"(205, 278)",1
"(695, 394)",1
"(670, 458)",1
"(328, 339)",1
"(397, 235)",1
"(372, 643)",1
"(335, 448)",1
"(596, 329)",1
"(262, 133)",1
"(279, 216)",1
"(491, 307)",1
"(569, 280)",1
"(355, 431)",1
"(515, 329)",1
"(400, 368)",1
"(529, 312)",1
"(358, 284)",1
"(447, 323)",1
"(599, 313)",1
"(226, 152)",1
"(387, 216)",1
"(282, 366)",1
"(406, 299)",1
"(412, 384)",1
"(381, 358)",1
"(382, 291)",1
"(516, 378)",1
"(449, 338)",1
"(637, 387)",1
"(467, 291)",1
"(550, 318)",1
"(167, 256)",1
"(260, 234)",1
"(532, 400)",1
"(434, 343)",1
"(672, 265)",1
"(550, 326)",1
"(450, 277)",1
"(454, 372)",1
"(576, 355)",1
"(268, 515)",1
"(185, 198)",1
"(390, 321)",1
"(607, 479)",1
"(336, 302)",1
"(476, 375)",1
"(452, 351)",1
"(494, 554)",1
"(401, 619)",1
"(371, 480)",1
"(444, 328)",1
"(336, 264)",1
"(331, 181)",1
"(594, 369)",1
"(531, 306)",1
"(430, 299)",1
"(596, 310)",1
"(558, 314)",1
"(357, 293)",1
"(520, 384)",1
"(419, 365)",1
"(290, 367)",1
"(186, 198)",1
"(283, 275)",1
"(382, 243)",1
"(400, 252)",1
"(433, 270)",1
"(371, 439)",1
"(694, 405)",1
"(349, 279)",1
"(332, 264)",1
"(488, 163)",1
"(434, 447)",1
"(386, 487)",1
"(410, 312)",1
"(447, 380)",1
"(463, 662)",1
"(615, 377)",1
"(662, 369)",1
"(335, 399)",1
"(649, 363)",1
"(231, 152)",1
"(261, 211)",1
"(411, 291)",1
"(387, 434)",1
"(656, 442)",1
"(592, 328)",1
"(584, 416)",1
"(375, 340)",1
"(407, 306)",1
"(461, 312)",1
"(156, 238)",1
"(223, 249)",1
"(232, 357)",1
"(808, 1156)",1
"(330, 248)",1
"(332, 636)",1
"(665, 479)",1
"(629, 667)",1
"(513, 426)",1
"(577, 599)",1
"(249, 672)",1
"(819, 859)",1
"(395, 356)",1
"(410, 526)",1
"(887, 623)",1
"(214, 440)",1
"(156, 449)",1
"(474, 583)",1
"(735, 490)",1
"(437, 362)",1
"(390, 705)",1
"(541, 454)",1
"(453, 452)",1
"(547, 387)",1
"(442, 551)",1
"(620, 414)",1
"(350, 358)",1
"(709, 359)",1
"(452, 630)",1
"(690, 496)",1
"(502, 915)",1
"(716, 414)",1
"(453, 499)",1
"(308, 576)",1
"(589, 376)",1
"(375, 455)",1
"(419, 661)",1
"(1254, 826)",1
"(266, 239)",1
"(821, 598)",1
"(600, 446)",1
"(599, 504)",1
"(472, 609)",1
"(343, 615)",1
"(365, 557)",1
"(375, 473)",1
"(859, 808)",1
"(550, 340)",1
"(474, 600)",1
"(493, 450)",1
"(448, 399)",1
"(440, 586)",1
"(690, 574)",1
"(597, 314)",1
"(478, 459)",1
"(409, 492)",1
"(572, 600)",1
"(1139, 808)",1
"(604, 845)",1
"(281, 294)",1
"(644, 874)",1
"(835, 473)",1
"(619, 496)",1
"(506, 512)",1
"(550, 407)",1
"(551, 624)",1
"(451, 364)",1
"(658, 900)",1
"(567, 472)",1
"(395, 761)",1
"(275, 325)",1
"(754, 406)",1
"(358, 727)",1
"(313, 425)",1
"(533, 795)",1
"(518, 415)",1
"(689, 500)",1
"(429, 500)",1
"(424, 550)",1
"(422, 508)",1
"(521, 497)",1
"(734, 488)",1
"(185, 336)",1
"(586, 345)",1
"(546, 404)",1
"(550, 576)",1
"(446, 381)",1
"(696, 911)",1
"(547, 405)",1
"(409, 601)",1
"(674, 476)",1
"(605, 626)",1
"(729, 469)",1
"(1267, 718)",1
"(242, 286)",1
"(392, 630)",1
"(649, 738)",1
"(405, 546)",1
"(901, 580)",1
"(508, 486)",1
"(313, 638)",1
"(555, 841)",1
"(417, 592)",1
"(512, 512)",1
"(190, 280)",1
"(225, 270)",1
"(416, 620)",1
"(478, 346)",1
"(594, 571)",1
"(826, 647)",1
"(502, 665)",1
"(451, 975)",1
"(890, 466)",1
"(548, 600)",1
"(1038, 863)",1
"(179, 218)",1
"(516, 540)",1
"(450, 279)",1
"(461, 417)",1
"(500, 360)",1
"(661, 496)",1
"(412, 538)",1
"(423, 818)",1
"(738, 360)",1
"(373, 612)",1
"(830, 803)",1
"(351, 739)",1
"(349, 553)",1
"(493, 654)",1
"(347, 280)",1
"(614, 627)",1
"(633, 683)",1
"(706, 560)",1
"(800, 390)",1
"(736, 532)",1
"(462, 488)",1
"(626, 434)",1
"(642, 345)",1
"(500, 438)",1
"(267, 280)",1
"(511, 416)",1
"(541, 912)",1
"(392, 725)",1
"(497, 627)",1
"(531, 800)",1
"(740, 502)",1
"(284, 547)",1
"(383, 621)",1
"(382, 821)",1
"(700, 408)",1
"(188, 157)",1
"(286, 236)",1
"(462, 892)",1
"(602, 785)",1
"(606, 756)",1
"(700, 301)",1
"(489, 394)",1
"(484, 767)",1
"(452, 779)",1
"(406, 514)",1
"(350, 281)",1
"(219, 323)",1
"(1024, 515)",1
"(469, 309)",1
"(524, 725)",1
"(542, 579)",1
"(621, 876)",1
"(589, 452)",1
"(611, 444)",1
"(666, 921)",1
"(652, 702)",1
"(910, 1546)",1
"(239, 216)",1
"(400, 339)",1
"(688, 592)",1
"(834, 518)",1
"(681, 738)",1
"(429, 732)",1
"(458, 607)",1
"(741, 1080)",1
"(1078, 864)",1
"(510, 387)",1
"(473, 491)",1
"(614, 437)",1
"(424, 576)",1
"(437, 1017)",1
"(493, 442)",1
"(975, 605)",1
"(1139, 796)",1
"(498, 577)",1
"(590, 440)",1
"(409, 312)",1
"(256, 371)",1
"(654, 667)",1
"(439, 649)",1
"(374, 532)",1
"(791, 509)",1
"(721, 560)",1
"(683, 728)",1
"(733, 535)",1
"(335, 686)",1
"(523, 650)",1
"(696, 627)",1
"(214, 277)",1
"(163, 461)",1
"(430, 586)",1
"(585, 527)",1
"(495, 721)",1
"(397, 417)",1
"(733, 677)",1
"(398, 728)",1
"(669, 489)",1
"(718, 572)",1
"(977, 778)",1
"(600, 571)",1
"(272, 250)",1
"(195, 269)",1
"(724, 601)",1
"(505, 347)",1
"(390, 742)",1
"(464, 1112)",1
"(600, 528)",1
"(600, 377)",1
"(460, 712)",1
"(715, 344)",1
"(611, 533)",1
"(113, 287)",1
"(201, 225)",1
"(432, 600)",1
"(193, 220)",1
"(665, 761)",1
"(615, 845)",1
"(531, 496)",1
"(465, 806)",1
"(482, 624)",1
"(732, 868)",1
"(640, 374)",1
"(588, 473)",1
"(639, 609)",1
"(1049, 767)",1
"(272, 447)",1
"(693, 673)",1
"(643, 720)",1
"(1072, 659)",1
"(622, 987)",1
"(753, 873)",1
"(364, 593)",1
"(863, 840)",1
"(654, 558)",1
"(1000, 417)",1
"(986, 800)",1
"(259, 270)",1
"(566, 483)",1
"(562, 733)",1
"(624, 649)",1
"(669, 606)",1
"(1081, 824)",1
"(1012, 868)",1
"(587, 540)",1
"(584, 572)",1
"(512, 511)",1
"(1139, 863)",1
"(1154, 923)",1
"(252, 200)",1
"(619, 540)",1
"(668, 586)",1
"(505, 571)",1
"(579, 593)",1
"(624, 818)",1
"(540, 572)",1
"(1075, 893)",1
"(692, 372)",1
"(680, 272)",1
"(661, 646)",1
"(719, 614)",1
"(557, 557)",1
"(640, 560)",1
"(670, 433)",1
"(499, 779)",1
"(499, 1080)",1
"(473, 465)",1
"(909, 560)",1
"(614, 559)",1
"(626, 405)",1
"(637, 807)",1
"(489, 600)",1
"(243, 254)",1
"(746, 641)",1
"(903, 663)",1
"(915, 772)",1
"(679, 662)",1
"(878, 667)",1
"(957, 667)",1
"(490, 632)",1
"(598, 791)",1
"(426, 637)",1
"(669, 725)",1
"(897, 529)",1
"(210, 379)",1
"(736, 730)",1
"(600, 438)",1
"(551, 865)",1
"(940, 872)",1
"(634, 616)",1
"(740, 1024)",1
"(550, 626)",1
"(682, 645)",1
"(664, 612)",1
"(553, 587)",1
"(1144, 799)",1
"(653, 980)",1
"(758, 650)",1
"(442, 882)",1
"(736, 975)",1
"(667, 1017)",1
"(589, 758)",1
"(552, 677)",1
"(419, 654)",1
"(1139, 803)",1
"(858, 562)",1
"(168, 356)",1
"(465, 738)",1
"(451, 715)",1
"(873, 560)",1
"(755, 393)",1
"(643, 587)",1
"(1500, 964)",1
"(661, 621)",1
"(860, 580)",1
"(494, 986)",1
"(530, 765)",1
"(472, 468)",1
"(178, 284)",1
"(632, 618)",1
"(718, 900)",1
"(970, 597)",1
"(612, 438)",1
"(744, 554)",1
"(720, 737)",1
"(565, 872)",1
"(734, 460)",1
"(638, 865)",1
"(160, 171)",1
"(217, 232)",1
"(524, 510)",1
"(176, 339)",1
"(515, 723)",1
"(990, 692)",1
"(740, 484)",1
"(689, 1044)",1
"(612, 612)",1
"(681, 900)",1
"(657, 482)",1
"(499, 692)",1
"(460, 895)",1
"(705, 729)",1
"(902, 627)",1
"(443, 716)",1
"(419, 740)",1
"(626, 611)",1
"(649, 980)",1
"(781, 644)",1
"(916, 700)",1
"(611, 382)",1
"(622, 613)",1
"(707, 720)",1
"(616, 700)",1
"(226, 254)",1
"(568, 542)",1
"(919, 961)",1
"(400, 786)",1
"(683, 418)",1
"(482, 953)",1
"(713, 615)",1
"(667, 667)",1
"(523, 711)",1
"(581, 608)",1
"(749, 492)",1
"(327, 452)",1
"(516, 1337)",1
"(785, 675)",1
"(902, 825)",1
"(568, 651)",1
"(484, 591)",1
"(810, 720)",1
"(728, 584)",1
"(554, 720)",1
"(887, 481)",1
"(859, 715)",1
"(243, 222)",1
"(878, 587)",1
"(860, 599)",1
"(921, 671)",1
"(872, 825)",1
"(707, 854)",1
"(664, 460)",1
"(562, 548)",1
"(668, 499)",1
"(728, 871)",1
"(762, 1024)",1
"(553, 949)",1
"(484, 371)",1
"(578, 667)",1
"(809, 799)",1
"(662, 463)",1
"(605, 667)",1
"(438, 711)",1
"(827, 1080)",1
"(728, 921)",1
"(1000, 631)",1
"(736, 1104)",1
"(533, 800)",1
"(500, 648)",1
"(603, 615)",1
"(529, 691)",1
"(478, 1012)",1
"(735, 464)",1
"(500, 533)",1
"(642, 350)",1
"(979, 874)",1
"(772, 706)",1
"(536, 886)",1
"(699, 1024)",1
"(843, 741)",1
"(175, 315)",1
"(658, 631)",1
"(736, 862)",1
"(669, 645)",1
"(1091, 800)",1
"(735, 550)",1
"(717, 667)",1
"(608, 747)",1
"(687, 789)",1
"(226, 222)",1
"(358, 288)",1
"(513, 641)",1
"(1011, 659)",1
"(862, 576)",1
"(1000, 985)",1
"(551, 739)",1
"(647, 1042)",1
"(641, 933)",1
"(599, 752)",1
"(521, 826)",1
"(1050, 563)",1
"(318, 360)",1
"(246, 273)",1
"(755, 560)",1
"(664, 452)",1
"(641, 1009)",1
"(995, 745)",1
"(483, 874)",1
"(1083, 770)",1
"(589, 921)",1
"(560, 676)",1
"(900, 600)",1
"(106, 272)",1
"(238, 300)",1
"(297, 414)",1
"(868, 853)",1
"(870, 716)",1
"(850, 748)",1
"(522, 974)",1
"(897, 608)",1
"(712, 683)",1
"(687, 526)",1
"(723, 980)",1
"(1101, 910)",1
"(1308, 1100)",1
"(461, 635)",1
"(233, 250)",1
"(803, 788)",1
"(927, 963)",1
"(601, 462)",1
"(769, 640)",1
"(545, 982)",1
"(650, 931)",1
"(858, 709)",1
"(819, 838)",1
"(1000, 609)",1
"(921, 979)",1
"(185, 334)",1
"(846, 896)",1
"(1181, 516)",1
"(919, 594)",1
"(952, 800)",1
"(816, 984)",1
"(474, 650)",1
"(676, 921)",1
"(728, 878)",1
"(1200, 955)",1
"(641, 542)",1
"(475, 621)",1
"(361, 346)",1
"(800, 949)",1
"(570, 760)",1
"(716, 830)",1
"(968, 1080)",1
"(849, 788)",1
"(783, 1180)",1
"(688, 1091)",1
"(653, 1022)",1
"(985, 700)",1
"(837, 867)",1
"(251, 330)",1
"(1037, 1047)",1
"(942, 722)",1
"(724, 968)",1
"(846, 779)",1
"(911, 707)",1
"(815, 960)",1
"(753, 1311)",1
"(773, 533)",1
"(828, 980)",1
"(864, 1100)",1
"(309, 285)",1
"(463, 750)",1
"(371, 1030)",1
"(776, 733)",1
"(592, 759)",1
"(1015, 643)",1
"(833, 909)",1
"(646, 800)",1
"(1000, 751)",1
"(740, 1022)",1
"(540, 338)",1
"(251, 300)",1
"(1026, 1094)",1
"(781, 719)",1
"(792, 787)",1
"(712, 921)",1
"(893, 939)",1
"(830, 1246)",1
"(736, 1032)",1
"(834, 772)",1
"(1001, 560)",1
"(484, 667)",1
"(267, 186)",1
"(762, 805)",1
"(660, 980)",1
"(838, 627)",1
"(890, 1107)",1
"(613, 720)",1
"(561, 747)",1
"(846, 1075)",1
"(675, 1320)",1
"(931, 701)",1
"(1022, 1031)",1
"(1157, 845)",1
"(195, 280)",1
"(1092, 600)",1
"(694, 900)",1
"(508, 883)",1
"(923, 929)",1
"(795, 1077)",1
"(1150, 1568)",1
"(1286, 575)",1
"(814, 720)",1
"(1083, 694)",1
"(368, 384)",1
"(919, 540)",1
"(534, 1127)",1
"(812, 833)",1
"(462, 756)",1
"(768, 768)",1
"(971, 1260)",1
"(1647, 1007)",1
"(938, 647)",1
"(1176, 668)",1
"(1190, 847)",1
"(1300, 856)",1
"(188, 340)",1
"(888, 535)",1
"(369, 214)",1
"(1062, 769)",1
"(689, 870)",1
"(484, 777)",1
"(803, 800)",1
"(759, 920)",1
"(733, 790)",1
"(832, 718)",1
"(801, 1275)",1
"(1018, 916)",1
"(898, 665)",1
"(600, 583)",1
"(340, 262)",1
"(752, 765)",1
"(909, 554)",1
"(962, 823)",1
"(657, 601)",1
"(1623, 1349)",1
"(1120, 800)",1
"(1099, 892)",1
"(886, 1414)",1
"(748, 924)",1
"(590, 1430)",1
"(634, 852)",1
"(250, 310)",1
"(807, 898)",1
"(905, 827)",1
"(776, 1124)",1
"(753, 1290)",1
"(1086, 946)",1
"(1141, 800)",1
"(635, 944)",1
"(1257, 1338)",1
"(832, 1378)",1
"(1036, 1333)",1
"(338, 360)",1
"(741, 1042)",1
"(657, 1166)",1
"(1000, 677)",1
"(871, 1208)",1
"(1248, 1240)",1
"(620, 875)",1
"(1049, 1066)",1
"(667, 764)",1
"(769, 1034)",1
"(1012, 1054)",1
"(300, 436)",1
"(473, 235)",1
"(1000, 720)",1
"(864, 661)",1
"(1080, 762)",1
"(800, 848)",1
"(732, 1133)",1
"(718, 944)",1
"(725, 1278)",1
"(686, 1080)",1
"(739, 1454)",1
"(569, 1200)",1
"(967, 682)",1
"(205, 202)",1
"(881, 1011)",1
"(1280, 718)",1
"(1644, 987)",1
"(707, 638)",1
"(899, 806)",1
"(1272, 738)",1
"(1160, 1522)",1
"(1029, 1540)",1
"(1149, 1275)",1
"(311, 219)",1
"(1120, 1080)",1
"(1190, 1734)",1
"(866, 1009)",1
"(662, 895)",1
"(980, 1089)",1
"(863, 925)",1
"(1164, 748)",1
"(1503, 999)",1
"(1500, 1101)",1
"(1305, 1120)",1
"(582, 953)",1
"(259, 338)",1
"(1019, 1467)",1
"(910, 1370)",1
"(1064, 1303)",1
"(1464, 717)",1
"(933, 1076)",1
"(629, 1132)",1
"(900, 651)",1
"(1071, 1054)",1
"(1292, 825)",1
"(1270, 842)",1
"(658, 667)",1
"(1305, 807)",1
"(720, 1172)",1
"(783, 1110)",1
"(1816, 1707)",1
"(907, 861)",1
"(1314, 799)",1
"(1137, 1100)",1
"(1254, 1100)",1
"(947, 1417)",1
"(846, 642)",1
"(238, 248)",1
"(1330, 986)",1
"(902, 1114)",1
"(807, 1195)",1
"(1107, 730)",1
"(1300, 821)",1
"(1109, 1599)",1
"(1213, 1051)",1
"(1126, 743)",1
"(1424, 1346)",1
"(159, 221)",1
"(527, 676)",1
"(233, 280)",1
"(779, 1467)",1
"(1437, 1086)",1
"(832, 1213)",1
"(960, 1192)",1
"(1042, 853)",1
"(1500, 1322)",1
"(1168, 851)",1
"(946, 964)",1
"(1303, 1035)",1
"(1340, 1408)",1
"(500, 547)",1
"(390, 257)",1
"(639, 921)",1
"(1416, 1016)",1
"(1049, 769)",1
"(917, 1242)",1
"(691, 1053)",1
"(1289, 933)",1
"(1360, 1456)",1
"(1298, 1101)",1
"(1267, 1160)",1
"(1100, 1209)",1
"(682, 973)",1
"(789, 1260)",1
"(1260, 1006)",1
"(1291, 1237)",1
"(994, 1063)",1
"(1101, 1600)",1
"(1119, 1380)",1
"(1002, 1109)",1
"(1091, 922)",1
"(1130, 1106)",1
"(850, 1280)",1
"(267, 231)",1
"(1309, 1960)",1
"(1000, 699)",1
"(771, 1707)",1
"(1278, 1595)",1
"(1245, 993)",1
"(886, 1677)",1
"(900, 1402)",1
"(1360, 1576)",1
"(1036, 1280)",1
"(1127, 1154)",1
"(289, 297)",1
"(302, 360)",1
"(1546, 1696)",1
"(1350, 1027)",1
"(1002, 864)",1
"(1445, 1023)",1
"(1370, 771)",1
"(1289, 1176)",1
"(1600, 1600)",1
"(1353, 1182)",1
"(1024, 1397)",1
"(978, 1194)",1
"(597, 1017)",1
"(390, 248)",1
"(1143, 1475)",1
"(1389, 1361)",1
"(1391, 1258)",1
"(1449, 2048)",1
"(878, 1277)",1
"(1482, 940)",1
"(1257, 853)",1
"(1538, 967)",1
"(1021, 883)",1
"(1075, 910)",1
"(893, 796)",1
"(215, 279)",1
"(1028, 1094)",1
"(1632, 1982)",1
"(1286, 1242)",1
"(1282, 1333)",1
"(1850, 1284)",1
"(1012, 1488)",1
"(1105, 1589)",1
"(1686, 1171)",1
"(1495, 1494)",1
"(500, 454)",1
"(211, 388)",1
"(1742, 998)",1
"(2175, 1520)",1
"(1792, 1435)",1
"(1436, 1600)",1
"(965, 1021)",1
"(833, 1280)",1
"(1561, 1077)",1
"(1272, 1211)",1
"(1534, 1509)",1
"(1436, 1197)",1
"(593, 504)",1
"(347, 455)",1
"(1440, 736)",1
"(824, 1523)",1
"(1481, 1664)",1
"(1254, 2021)",1
"(1634, 1606)",1
"(1300, 1600)",1
"(1094, 1425)",1
"(1288, 719)",1
"(1097, 1329)",1
"(850, 979)",1
"(213, 234)",1
"(294, 274)",1
"(1187, 1298)",1
"(997, 1557)",1
"(1774, 1209)",1
"(904, 1280)",1
"(1878, 1208)",1
"(2177, 1600)",1
"(1151, 1712)",1
"(1387, 1565)",1
"(1850, 928)",1
"(1286, 874)",1
"(997, 853)",1
"(162, 270)",1
"(612, 539)",1
"(2000, 1808)",1
"(1073, 1539)",1
"(1000, 875)",1
"(1118, 1714)",1
"(1912, 1440)",1
"(1715, 1462)",1
"(1022, 1656)",1
"(1894, 1262)",1
"(1278, 1800)",1
"(1234, 1487)",1
"(500, 251)",1
"(310, 272)",1
"(1571, 1211)",1
"(1674, 1241)",1
"(1174, 1250)",1
"(2362, 2267)",1
"(1773, 2000)",1
"(2190, 1666)",1
"(1329, 1313)",1
"(1209, 1494)",1
"(2567, 1478)",1
"(1823, 1963)",1
"(470, 614)",1
"(293, 237)",1
"(1932, 2501)",1
"(2183, 1963)",1
"(2352, 2196)",1
"(1521, 2208)",1
"(1947, 2027)",1
"(2141, 1658)",1
"(2196, 2052)",1
"(2303, 2194)",1
"(1350, 1348)",1
"(1404, 2248)",1
"(258, 276)",1
"(1499, 1999)",1
"(1857, 2000)",1
"(1667, 2500)",1
"(2372, 1886)",1
"(1822, 2144)",1
"(2351, 3188)",1
"(2366, 2000)",1
"(2017, 1706)",1
"(1967, 3222)",1
"(1384, 1882)",1
"(294, 280)",1
"(2057, 3077)",1
"(2992, 2830)",1
"(1542, 1779)",1
"(2544, 2705)",1
"(2304, 1728)",1
"(2351, 2622)",1
"(2397, 2448)",1
"(1959, 1298)",1
"(2137, 2500)",1
"(1454, 3509)",1
"(390, 238)",1
"(1705, 2196)",1
"(2315, 1728)",1
"(2500, 2465)",1
"(2420, 2500)",1
"(3375, 3375)",1
"(2316, 1674)",1
"(1700, 2689)",1
"(1827, 2602)",1
"(2406, 2735)",1
"(193, 366)",1
"(3024, 3867)",1
"(3076, 4320)",1
"(1627, 3693)",1
"(3115, 3451)",1
"(3458, 4322)",1
"(1503, 3388)",1
"(2269, 2500)",1
"(1801, 2479)",1
"(3299, 4206)",1
"(472, 518)",1
"(335, 221)",1
"(3987, 3296)",1
"(3840, 2330)",1
"(1998, 2953)",1
"(2497, 4272)",1
"(2659, 1768)",1
"(4362, 3510)",1
"(2715, 2229)",1
"(2534, 2935)",1
"(2757, 3530)",1
"(4915, 3880)",1
"(702, 612)",1
"(2273, 3846)",1
"(4191, 2848)",1
"(6000, 4000)",1
"(3211, 2748)",1
"(2302, 3373)",1
"(3755, 2845)",1
"(2536, 3734)",1
"(2889, 3592)",1
"(3006, 4608)",1
"(4000, 6000)",1
"(466, 484)",1
"(4305, 3862)",1
"(2749, 3443)",1
"(3496, 1782)",1
"(3163, 5852)",1
"(2282, 3805)",1
"(2682, 4321)",1
"(2714, 5102)",1
"(160, 271)",1
"(207, 270)",1
"(698, 502)",1
"(306, 258)",1
"(225, 252)",1
"(312, 386)",1
"(308, 354)",1
"(495, 241)",1
"(385, 378)",1
"(500, 513)",1
"(245, 266)",1
"(430, 360)",1
"(228, 401)",1
"(999, 439)",1
"(292, 280)",1
"(267, 464)",1
"(360, 288)",1
"(872, 309)",1
"(450, 206)",1
"(858, 596)",1
"(423, 292)",1
"(928, 810)",1
"(170, 305)",1
"(657, 425)",1
"(390, 152)",1
"(317, 346)",1
"(231, 290)",1
"(818, 600)",1
"(225, 371)",1
"(655, 535)",1
"(218, 278)",1
"(489, 579)",1
"(329, 275)",1
"(702, 687)",1
"(282, 443)",1
"(469, 400)",1
"(305, 246)",1
"(234, 341)",1
"(241, 425)",1
"(389, 262)",1
"(240, 210)",1
"(1934, 1085)",1
"(266, 258)",1
"(177, 265)",1
"(317, 209)",1
"(205, 285)",1
"(285, 276)",1
"(243, 345)",1
"(336, 276)",1
"(803, 1026)",1
"(335, 185)",1
"(1050, 1020)",1
"(398, 626)",1
"(4464, 3708)",1
"(615, 533)",1
"(357, 364)",1
"(344, 281)",1
"(3085, 3856)",1
"(564, 753)",1
"(329, 300)",1
"(232, 182)",1
"(291, 273)",1
"(286, 342)",1
"(232, 415)",1
"(210, 253)",1
"(500, 368)",1
"(216, 277)",1
"(242, 337)",1
"(754, 590)",1
"(201, 418)",1
"(686, 535)",1
"(249, 382)",1
"(285, 430)",1
"(423, 626)",1
"(168, 370)",1
"(212, 290)",1
"(262, 279)",1
"(327, 370)",1
"(356, 309)",1
"(1813, 1116)",1
"(327, 272)",1
"(299, 508)",1
"(305, 270)",1
"(362, 281)",1
"(168, 277)",1
"(632, 786)",1
"(393, 495)",1
"(461, 330)",1
"(293, 659)",1
"(342, 415)",1
"(351, 514)",1
"(201, 238)",1
"(448, 378)",1
"(538, 322)",1
"(308, 348)",1
"(819, 798)",1
"(243, 340)",1
"(500, 344)",1
"(221, 376)",1
"(1231, 1303)",1
"(269, 400)",1
"(598, 480)",1
"(353, 286)",1
"(505, 376)",1
"(281, 360)",1
"(550, 482)",1
"(237, 300)",1
"(500, 437)",1
"(388, 362)",1
"(308, 291)",1
"(435, 391)",1
"(260, 415)",1
"(302, 291)",1
"(421, 534)",1
"(288, 280)",1
"(370, 245)",1
"(532, 745)",1
"(169, 233)",1
"(139, 291)",1
"(266, 314)",1
"(348, 427)",1
"(385, 632)",1
"(249, 258)",1
"(483, 258)",1
"(279, 440)",1
"(290, 342)",1
"(897, 663)",1
"(234, 519)",1
"(700, 456)",1
"(189, 413)",1
"(456, 409)",1
"(213, 280)",1
"(674, 363)",1
"(296, 200)",1
"(1280, 853)",1
"(249, 307)",1
"(485, 216)",1
"(281, 280)",1
"(250, 388)",1
"(399, 539)",1
"(259, 466)",1
"(275, 313)",1
"(472, 539)",1
"(295, 417)",1
"(767, 439)",1
"(269, 421)",1
"(606, 368)",1
"(280, 471)",1
"(507, 352)",1
"(376, 273)",1
"(541, 442)",1
"(250, 359)",1
"(241, 297)",1
"(871, 1200)",1
"(143, 375)",1
"(360, 353)",1
"(740, 512)",1
"(244, 344)",1
"(263, 355)",1
"(447, 627)",1
"(262, 439)",1
"(278, 194)",1
"(838, 576)",1
"(234, 244)",1
"(547, 683)",1
"(780, 1104)",1
"(242, 339)",1
"(620, 700)",1
"(191, 281)",1
"(308, 596)",1
"(405, 486)",1
"(201, 251)",1
"(929, 683)",1
"(308, 280)",1
"(419, 600)",1
"(392, 295)",1
"(337, 355)",1
"(299, 469)",1
"(429, 417)",1
"(414, 667)",1
"(403, 444)",1
"(811, 618)",1
"(187, 347)",1
"(500, 652)",1
"(321, 274)",1
"(416, 577)",1
"(219, 424)",1
"(716, 439)",1
"(182, 704)",1
"(144, 193)",1
"(244, 240)",1
"(723, 492)",1
"(254, 421)",1
"(966, 535)",1
"(267, 333)",1
"(597, 561)",1
"(649, 480)",1
"(215, 276)",1
"(627, 439)",1
"(693, 727)",1
"(242, 265)",1
"(230, 354)",1
"(730, 750)",1
"(372, 352)",1
"(705, 671)",1
"(203, 409)",1
"(864, 1072)",1
"(366, 326)",1
"(499, 600)",1
"(326, 298)",1
"(199, 151)",1
"(242, 215)",1
"(232, 297)",1
"(288, 307)",1
"(828, 439)",1
"(196, 337)",1
"(813, 713)",1
"(272, 354)",1
"(500, 553)",1
"(227, 391)",1
"(723, 600)",1
"(250, 372)",1
"(933, 809)",1
"(392, 266)",1
"(446, 769)",1
"(417, 300)",1
"(474, 448)",1
"(213, 307)",1
"(240, 97)",1
"(372, 253)",1
"(1119, 1307)",1
"(255, 354)",1
"(1343, 1346)",1
"(240, 410)",1
"(820, 600)",1
"(787, 606)",1
"(256, 398)",1
"(429, 830)",1
"(350, 242)",1
"(979, 800)",1
"(320, 230)",1
"(1169, 885)",1
"(263, 230)",1
"(415, 640)",1
"(971, 1339)",1
"(668, 801)",1
"(538, 343)",1
"(652, 863)",1
"(318, 414)",1
"(1325, 1217)",1
"(902, 888)",1
"(310, 261)",1
"(1457, 726)",1
"(192, 497)",1
"(512, 1163)",1
"(919, 1512)",1
"(476, 353)",1
"(1054, 1150)",1
"(386, 400)",1
"(1238, 915)",1
"(405, 411)",1
"(1127, 798)",1
"(533, 554)",1
"(850, 1412)",1
"(345, 515)",1
"(723, 819)",1
"(299, 292)",1
"(1375, 1342)",1
"(315, 270)",1
"(763, 801)",1
"(352, 273)",1
"(862, 1167)",1
"(383, 530)",1
"(1709, 1301)",1
"(312, 318)",1
"(1438, 1094)",1
"(397, 360)",1
"(1246, 1305)",1
"(301, 414)",1
"(1476, 1387)",1
"(330, 320)",1
"(2385, 1367)",1
"(389, 239)",1
"(193, 346)",1
"(260, 276)",1
"(205, 261)",1
"(546, 359)",1
"(1744, 1368)",1
"(285, 487)",1
"(1043, 1480)",1
"(400, 327)",1
"(179, 326)",1
"(197, 300)",1
"(429, 364)",1
"(259, 276)",1
"(942, 617)",1
"(369, 338)",1
"(1758, 1277)",1
"(531, 331)",1
"(896, 748)",1
"(342, 394)",1
"(1136, 881)",1
"(238, 357)",1
"(251, 343)",1
"(341, 390)",1
"(365, 244)",1
"(1191, 1414)",1
"(370, 344)",1
"(239, 359)",1
"(965, 935)",1
"(642, 604)",1
"(751, 965)",1
"(334, 280)",1
"(309, 308)",1
"(693, 922)",1
"(388, 333)",1
"(358, 404)",1
"(350, 600)",1
"(541, 461)",1
"(329, 257)",1
"(520, 751)",1
"(288, 404)",1
"(1024, 514)",1
"(149, 399)",1
"(675, 635)",1
"(190, 345)",1
"(352, 666)",1
"(422, 183)",1
"(471, 682)",1
"(317, 405)",1
"(440, 600)",1
"(364, 549)",1
"(759, 612)",1
"(221, 510)",1
"(497, 535)",1
"(251, 393)",1
"(254, 296)",1
"(675, 406)",1
"(294, 438)",1
"(531, 400)",1
"(2081, 2500)",1
"(178, 269)",1
"(360, 230)",1
"(911, 315)",1
"(202, 330)",1
"(969, 699)",1
"(393, 378)",1
"(366, 675)",1
"(230, 372)",1
"(548, 385)",1
"(404, 313)",1
"(381, 304)",1
"(346, 186)",1
"(417, 376)",1
"(230, 352)",1
"(1012, 645)",1
"(247, 357)",1
"(315, 500)",1
"(147, 294)",1
"(504, 684)",1
"(428, 205)",1
"(445, 345)",1
"(356, 405)",1
"(640, 431)",1
"(275, 454)",1
"(325, 223)",1
"(500, 239)",1
"(594, 480)",1
"(319, 386)",1
"(427, 655)",1
"(332, 282)",1
"(420, 181)",1
"(488, 400)",1
"(274, 480)",1
"(491, 561)",1
"(200, 354)",1
"(282, 260)",1
"(417, 500)",1
"(391, 341)",1
"(251, 344)",1
"(408, 337)",1
"(472, 204)",1
"(591, 588)",1
"(280, 327)",1
"(550, 672)",1
"(482, 322)",1
"(523, 600)",1
"(334, 459)",1
"(755, 535)",1
"(296, 359)",1
"(160, 320)",1
"(335, 373)",1
"(157, 287)",1
"(182, 238)",1
"(453, 408)",1
"(308, 308)",1
"(154, 447)",1
"(287, 414)",1
"(419, 258)",1
"(422, 465)",1
"(368, 715)",1
"(259, 355)",1
"(390, 363)",1
"(414, 238)",1
"(391, 328)",1
"(418, 365)",1
"(339, 323)",1
"(178, 245)",1
"(464, 365)",1
"(1209, 1060)",1
"(190, 306)",1
"(208, 244)",1
"(155, 295)",1
"(240, 286)",1
"(307, 317)",1
"(414, 335)",1
"(254, 280)",1
"(299, 482)",1
"(174, 196)",1
"(394, 400)",1
"(545, 308)",1
"(317, 391)",1
"(288, 332)",1
"(362, 288)",1
"(500, 555)",1
"(248, 343)",1
"(197, 250)",1
"(306, 262)",1
"(389, 270)",1
"(347, 523)",1
"(546, 414)",1
"(437, 375)",1
"(305, 356)",1
"(342, 303)",1
"(396, 359)",1
"(708, 535)",1
"(442, 427)",1
"(267, 248)",1
"(345, 274)",1
"(420, 623)",1
"(201, 471)",1
"(1260, 1497)",1
"(203, 234)",1
"(495, 401)",1
"(261, 268)",1
"(400, 302)",1
"(500, 345)",1
"(214, 439)",1
"(582, 480)",1
"(282, 400)",1
"(683, 439)",1
"(250, 489)",1
"(491, 411)",1
"(277, 518)",1
"(258, 386)",1
"(443, 504)",1
"(206, 503)",1
"(396, 350)",1
"(237, 267)",1
"(410, 366)",1
"(260, 359)",1
"(375, 383)",1
"(382, 280)",1
"(569, 422)",1
"(355, 279)",1
"(628, 360)",1
"(476, 331)",1
"(379, 366)",1
"(375, 400)",1
"(727, 1142)",1
"(297, 259)",1
"(409, 397)",1
"(249, 271)",1
"(452, 490)",1
"(341, 429)",1
"(422, 396)",1
"(921, 704)",1
"(254, 316)",1
"(414, 350)",1
"(365, 509)",1
"(357, 366)",1
"(579, 327)",1
"(362, 360)",1
"(484, 540)",1
"(563, 400)",1
"(312, 390)",1
"(270, 343)",1
"(271, 457)",1
"(289, 261)",1
"(432, 375)",1
"(524, 663)",1
"(421, 339)",1
"(313, 480)",1
"(397, 491)",1
"(180, 226)",1
"(600, 524)",1
"(523, 381)",1
"(364, 528)",1
"(213, 579)",1
"(471, 391)",1
"(250, 312)",1
"(453, 400)",1
"(194, 344)",1
"(163, 243)",1
"(277, 222)",1
"(334, 334)",1
"(213, 393)",1
"(847, 733)",1
"(347, 417)",1
"(493, 896)",1
"(407, 382)",1
"(234, 228)",1
"(191, 251)",1
"(599, 428)",1
"(367, 362)",1
"(552, 427)",1
"(509, 529)",1
"(355, 306)",1
"(373, 275)",1
"(571, 354)",1
"(198, 272)",1
"(314, 356)",1
"(262, 360)",1
"(262, 227)",1
"(556, 384)",1
"(270, 518)",1
"(367, 361)",1
"(774, 535)",1
"(343, 582)",1
"(151, 269)",1
"(226, 218)",1
"(614, 535)",1
"(235, 360)",1
"(269, 439)",1
"(217, 382)",1
"(328, 329)",1
"(462, 414)",1
"(176, 362)",1
"(453, 441)",1
"(284, 315)",1
"(406, 280)",1
"(218, 238)",1
"(305, 456)",1
"(420, 264)",1
"(269, 215)",1
"(155, 318)",1
"(505, 503)",1
"(263, 330)",1
"(369, 254)",1
"(359, 343)",1
"(378, 261)",1
"(415, 617)",1
"(241, 433)",1
"(390, 550)",1
"(299, 600)",1
"(323, 477)",1
"(201, 275)",1
"(266, 426)",1
"(335, 509)",1
"(250, 399)",1
"(409, 422)",1
"(502, 376)",1
"(392, 389)",1
"(420, 315)",1
"(284, 100)",1
"(197, 405)",1
"(405, 323)",1
"(303, 261)",1
"(631, 257)",1
"(391, 535)",1
"(319, 321)",1
"(371, 520)",1
"(234, 583)",1
"(637, 225)",1
"(318, 587)",1
"(431, 312)",1
"(464, 380)",1
"(326, 219)",1
"(371, 465)",1
"(574, 439)",1
"(453, 369)",1
"(257, 318)",1
"(148, 225)",1
"(276, 267)",1
"(288, 273)",1
"(446, 479)",1
"(203, 626)",1
"(375, 378)",1
"(269, 324)",1
"(492, 304)",1
"(397, 480)",1
"(273, 422)",1
"(384, 554)",1
"(436, 388)",1
"(318, 334)",1
"(215, 419)",1
"(583, 425)",1
"(375, 447)",1
"(310, 334)",1
"(1056, 671)",1
"(301, 273)",1
"(415, 615)",1
"(476, 310)",1
"(313, 416)",1
"(303, 433)",1
"(260, 376)",1
"(296, 360)",1
"(342, 295)",1
"(346, 243)",1
"(368, 389)",1
"(325, 423)",1
"(397, 350)",1
"(335, 589)",1
"(285, 266)",1
"(307, 321)",1
"(276, 423)",1
"(1373, 1180)",1
"(247, 204)",1
"(600, 356)",1
"(294, 354)",1
"(600, 511)",1
"(358, 609)",1
"(343, 643)",1
"(408, 626)",1
"(368, 420)",1
"(277, 312)",1
"(451, 329)",1
"(220, 395)",1
"(490, 245)",1
"(286, 433)",1
"(246, 333)",1
"(449, 599)",1
"(430, 248)",1
"(1015, 786)",1
"(343, 221)",1
"(399, 766)",1
"(348, 411)",1
"(167, 350)",1
"(447, 626)",1
"(346, 278)",1
"(504, 523)",1
"(407, 360)",1
"(265, 472)",1
"(445, 439)",1
"(245, 423)",1
"(414, 241)",1
"(388, 395)",1
"(420, 588)",1
"(404, 500)",1
"(326, 234)",1
"(254, 345)",1
"(495, 300)",1
"(308, 414)",1
"(357, 382)",1
"(409, 353)",1
"(515, 371)",1
"(320, 261)",1
"(237, 536)",1
"(280, 225)",1
"(173, 526)",1
"(313, 341)",1
"(289, 282)",1
"(367, 470)",1
"(340, 343)",1
"(514, 418)",1
"(411, 590)",1
"(275, 395)",1
"(408, 301)",1
"(308, 413)",1
"(408, 333)",1
"(324, 320)",1
"(299, 242)",1
"(201, 295)",1
"(244, 372)",1
"(365, 357)",1
"(409, 451)",1
"(333, 253)",1
"(186, 301)",1
"(397, 204)",1
"(407, 431)",1
"(253, 341)",1
"(574, 430)",1
"(486, 600)",1
"(493, 337)",1
"(218, 333)",1
"(324, 411)",1
"(428, 278)",1
"(377, 440)",1
"(425, 400)",1
"(286, 223)",1
"(249, 273)",1
"(459, 400)",1
"(388, 380)",1
"(260, 400)",1
"(350, 451)",1
"(277, 556)",1
"(568, 475)",1
"(319, 500)",1
"(421, 565)",1
"(431, 600)",1
"(536, 442)",1
"(274, 351)",1
"(318, 296)",1
"(280, 570)",1
"(478, 641)",1
"(262, 206)",1
"(226, 386)",1
"(269, 306)",1
"(546, 360)",1
"(570, 360)",1
"(340, 327)",1
"(440, 368)",1
"(430, 572)",1
"(297, 486)",1
"(645, 360)",1
"(426, 303)",1
"(334, 550)",1
"(295, 339)",1
"(432, 370)",1
"(268, 203)",1
"(367, 558)",1
"(511, 360)",1
"(603, 392)",1
"(205, 280)",1
"(342, 385)",1
"(397, 395)",1
"(491, 293)",1
"(396, 328)",1
"(334, 291)",1
"(633, 409)",1
"(462, 408)",1
"(322, 300)",1
"(629, 356)",1
"(211, 420)",1
"(434, 600)",1
"(629, 444)",1
"(338, 620)",1
"(314, 341)",1
"(491, 375)",1
"(182, 412)",1
"(344, 329)",1
"(330, 477)",1
"(348, 261)",1
"(360, 562)",1
"(395, 364)",1
"(344, 618)",1
"(442, 480)",1
"(557, 499)",1
"(406, 358)",1
"(455, 232)",1
"(506, 550)",1
"(486, 354)",1
"(476, 274)",1
"(378, 333)",1
"(521, 465)",1
"(315, 512)",1
"(333, 251)",1
"(134, 226)",1
"(214, 269)",1
"(533, 495)",1
"(216, 292)",1
"(505, 329)",1
"(327, 456)",1
"(320, 212)",1
"(555, 452)",1
"(391, 276)",1
"(372, 400)",1
"(481, 270)",1
"(338, 357)",1
"(450, 284)",1
"(387, 481)",1
"(282, 281)",1
"(700, 350)",1
"(500, 249)",1
"(396, 367)",1
"(505, 403)",1
"(382, 523)",1
"(214, 280)",1
"(433, 281)",1
"(398, 446)",1
"(255, 249)",1
"(478, 273)",1
"(262, 333)",1
"(264, 450)",1
"(357, 486)",1
"(447, 384)",1
"(313, 291)",1
"(437, 465)",1
"(351, 239)",1
"(551, 349)",1
"(219, 280)",1
"(377, 445)",1
"(199, 411)",1
"(438, 427)",1
"(258, 261)",1
"(381, 623)",1
"(359, 332)",1
"(1839, 1516)",1
"(180, 361)",1
"(231, 407)",1
"(434, 644)",1
"(241, 318)",1
"(388, 610)",1
"(403, 214)",1
"(259, 418)",1
"(253, 409)",1
"(611, 838)",1
"(263, 413)",1
"(504, 554)",1
"(329, 436)",1
"(832, 540)",1
"(438, 402)",1
"(578, 417)",1
"(523, 350)",1
"(211, 252)",1
"(332, 228)",1
"(274, 320)",1
"(262, 517)",1
"(469, 600)",1
"(312, 237)",1
"(472, 364)",1
"(390, 237)",1
"(396, 491)",1
"(333, 360)",1
"(361, 295)",1
"(401, 337)",1
"(293, 579)",1
"(291, 495)",1
"(277, 245)",1
"(321, 561)",1
"(170, 240)",1
"(215, 225)",1
"(564, 540)",1
"(452, 282)",1
"(384, 376)",1
"(384, 600)",1
"(419, 400)",1
"(259, 323)",1
"(465, 342)",1
"(331, 289)",1
"(357, 387)",1
"(283, 375)",1
"(460, 315)",1
"(368, 551)",1
"(254, 422)",1
"(480, 254)",1
"(345, 339)",1
"(414, 574)",1
"(184, 275)",1
"(188, 265)",1
"(449, 345)",1
"(506, 534)",1
"(396, 358)",1
"(396, 446)",1
"(625, 227)",1
"(350, 280)",1
"(357, 425)",1
"(397, 400)",1
"(374, 321)",1
"(500, 270)",1
"(600, 500)",1
"(418, 409)",1
"(387, 476)",1
"(385, 554)",1
"(303, 280)",1
"(373, 439)",1
"(341, 599)",1
"(393, 567)",1
"(405, 450)",1
"(320, 535)",1
"(509, 554)",1
"(542, 618)",1
"(294, 444)",1
"(304, 366)",1
"(352, 502)",1
"(335, 434)",1
"(409, 615)",1
"(454, 333)",1
"(374, 566)",1
"(393, 431)",1
"(314, 331)",1
"(448, 410)",1
"(277, 250)",1
"(275, 272)",1
"(416, 642)",1
"(477, 281)",1
"(385, 328)",1
"(527, 355)",1
"(367, 487)",1
"(422, 262)",1
"(369, 330)",1
"(517, 388)",1
"(329, 456)",1
"(534, 612)",1
"(287, 661)",1
"(244, 495)",1
"(403, 603)",1
"(182, 280)",1
"(613, 427)",1
"(381, 677)",1
"(453, 447)",1
"(324, 527)",1
"(331, 470)",1
"(355, 503)",1
"(426, 734)",1
"(532, 576)",1
"(499, 452)",1
"(293, 624)",1
"(412, 396)",1
"(402, 565)",1
"(355, 454)",1
"(410, 283)",1
"(350, 420)",1
"(234, 334)",1
"(569, 434)",1
"(668, 266)",1
"(300, 587)",1
"(589, 353)",1
"(453, 402)",1
"(1024, 439)",1
"(381, 230)",1
"(383, 447)",1
"(374, 429)",1
"(277, 540)",1
"(279, 439)",1
"(399, 593)",1
"(441, 580)",1
"(534, 384)",1
"(398, 417)",1
"(2337, 3125)",1
"(254, 320)",1
"(214, 225)",1
"(437, 408)",1
"(482, 669)",1
"(522, 408)",1
"(635, 411)",1
"(275, 387)",1
"(424, 407)",1
"(253, 367)",1
"(529, 535)",1
"(473, 388)",1
"(252, 448)",1
"(564, 612)",1
"(643, 874)",1
"(500, 716)",1
"(293, 528)",1
"(504, 683)",1
"(505, 373)",1
"(638, 593)",1
"(366, 466)",1
"(358, 361)",1
"(928, 535)",1
"(320, 485)",1
"(1024, 658)",1
"(271, 296)",1
"(289, 391)",1
"(470, 624)",1
"(515, 487)",1
"(673, 785)",1
"(522, 554)",1
"(496, 577)",1
"(540, 624)",1
"(756, 535)",1
"(369, 366)",1
"(1008, 845)",1
"(299, 414)",1
"(645, 938)",1
"(579, 367)",1
"(958, 1014)",1
"(1097, 800)",1
"(446, 393)",1
"(1169, 889)",1
"(1674, 986)",1
"(396, 370)",1
"(931, 1446)",1
"(3710, 4446)",1
"(466, 460)",1
"(4952, 4531)",1
"(292, 480)",1
"(8775, 6185)",1
"(527, 452)",1
"(444, 452)",1
"(232, 242)",1
"(431, 433)",1
"(250, 555)",1
"(398, 403)",1
"(494, 452)",1
"(395, 499)",1
"(354, 449)",1
"(366, 615)",1
"(600, 523)",1
"(449, 409)",1
"(228, 337)",1
"(287, 409)",1
"(395, 480)",1
"(379, 493)",1
"(344, 517)",1
"(398, 427)",1
"(409, 539)",1
"(431, 515)",1
"(457, 432)",1
"(1353, 969)",1
"(299, 380)",1
"(484, 418)",1
"(272, 551)",1
"(455, 414)",1
"(375, 294)",1
"(375, 418)",1
"(410, 535)",1
"(445, 506)",1
"(496, 420)",1
"(317, 572)",1
"(409, 410)",1
"(389, 218)",1
"(499, 383)",1
"(366, 276)",1
"(602, 584)",1
"(503, 414)",1
"(266, 545)",1
"(431, 432)",1
"(405, 497)",1
"(336, 641)",1
"(403, 490)",1
"(825, 855)",1
"(243, 392)",1
"(394, 402)",1
"(420, 476)",1
"(463, 431)",1
"(590, 452)",1
"(619, 486)",1
"(559, 452)",1
"(375, 463)",1
"(547, 317)",1
"(505, 428)",1
"(340, 245)",1
"(209, 236)",1
"(576, 280)",1
"(718, 682)",1
"(332, 603)",1
"(420, 452)",1
"(374, 465)",1
"(675, 402)",1
"(951, 780)",1
"(276, 378)",1
"(549, 362)",1
"(345, 630)",1
"(180, 268)",1
"(452, 600)",1
"(575, 369)",1
"(478, 473)",1
"(450, 367)",1
"(600, 392)",1
"(505, 452)",1
"(650, 431)",1
"(280, 482)",1
"(297, 413)",1
"(257, 615)",1
"(1988, 1631)",1
"(252, 279)",1
"(189, 259)",1
"(2906, 4631)",1
"(443, 452)",1
"(3275, 5662)",1
"(408, 420)",1
"(443, 400)",1
"(584, 515)",1
"(335, 340)",1
"(524, 450)",1
"(308, 586)",1
"(623, 1029)",1
"(358, 239)",1
"(518, 418)",1
"(421, 506)",1
"(317, 481)",1
"(409, 372)",1
"(645, 667)",1
"(372, 441)",1
"(330, 423)",1
"(471, 381)",1
"(235, 281)",1
"(390, 616)",1
"(487, 443)",1
"(327, 520)",1
"(372, 625)",1
"(283, 583)",1
"(521, 422)",1
"(566, 490)",1
"(510, 373)",1
"(570, 486)",1
"(149, 192)",1
"(228, 368)",1
"(640, 304)",1
"(587, 357)",1
"(438, 311)",1
"(475, 640)",1
"(640, 333)",1
"(367, 541)",1
"(418, 567)",1
"(252, 332)",1
"(175, 624)",1
"(625, 346)",1
"(420, 529)",1
"(305, 498)",1
"(502, 449)",1
"(418, 479)",1
"(375, 570)",1
"(409, 461)",1
"(513, 359)",1
"(406, 349)",1
"(306, 279)",1
"(374, 554)",1
"(600, 441)",1
"(590, 419)",1
"(523, 369)",1
"(618, 437)",1
"(576, 452)",1
"(256, 418)",1
"(320, 486)",1
"(538, 478)",1
"(341, 720)",1
"(405, 310)",1
"(174, 266)",1
"(475, 368)",1
"(386, 458)",1
"(622, 668)",1
"(519, 363)",1
"(459, 731)",1
"(328, 559)",1
"(425, 694)",1
"(434, 407)",1
"(571, 456)",1
"(279, 272)",1
"(241, 480)",1
"(570, 412)",1
"(358, 432)",1
"(561, 503)",1
"(499, 444)",1
"(277, 582)",1
"(619, 404)",1
"(580, 356)",1
"(601, 862)",1
"(283, 606)",1
"(256, 348)",1
"(449, 626)",1
"(330, 636)",1
"(498, 304)",1
"(584, 523)",1
"(494, 450)",1
"(406, 515)",1
"(420, 480)",1
"(543, 333)",1
"(504, 682)",1
"(287, 538)",1
"(235, 401)",1
"(447, 535)",1
"(453, 397)",1
"(365, 540)",1
"(443, 420)",1
"(507, 547)",1
"(368, 811)",1
"(499, 419)",1
"(838, 521)",1
"(584, 825)",1
"(506, 318)",1
"(213, 207)",1
"(227, 288)",1
"(308, 261)",1
"(360, 240)",1
"(640, 356)",1
"(404, 658)",1
"(391, 362)",1
"(597, 452)",1
"(460, 398)",1
"(452, 610)",1
"(371, 590)",1
"(647, 381)",1
"(224, 289)",1
"(584, 414)",1
"(505, 477)",1
"(515, 426)",1
"(361, 601)",1
"(359, 444)",1
"(348, 929)",1
"(412, 650)",1
"(381, 584)",1
"(396, 382)",1
"(294, 215)",1
"(452, 437)",1
"(428, 480)",1
"(578, 576)",1
"(587, 686)",1
"(545, 400)",1
"(463, 520)",1
"(425, 661)",1
"(610, 422)",1
"(527, 640)",1
"(559, 357)",1
"(504, 488)",1
"(375, 388)",1
"(394, 422)",1
"(566, 368)",1
"(289, 480)",1
"(653, 452)",1
"(6265, 6355)",1
"(3476, 4295)",1
"(416, 393)",1
"(3212, 5589)",1
"(321, 333)",1
"(317, 350)",1
"(582, 343)",1
"(583, 395)",1
"(533, 452)",1
"(412, 403)",1
"(511, 626)",1
"(392, 613)",1
"(451, 295)",1
"(589, 471)",1
"(414, 626)",1
"(681, 541)",1
"(785, 1176)",1
"(565, 234)",1
"(688, 433)",1
"(516, 353)",1
"(383, 632)",1
"(614, 481)",1
"(354, 600)",1
"(396, 592)",1
"(408, 431)",1
"(483, 375)",1
"(1091, 571)",1
"(233, 491)",1
"(482, 339)",1
"(527, 413)",1
"(642, 700)",1
"(586, 404)",1
"(456, 465)",1
"(479, 480)",1
"(462, 576)",1
"(408, 351)",1
"(679, 464)",1
"(620, 446)",1
"(768, 520)",1
"(279, 433)",1
"(482, 400)",1
"(456, 404)",1
"(334, 450)",1
"(371, 578)",1
"(679, 356)",1
"(420, 438)",1
"(549, 413)",1
"(405, 512)",1
"(586, 373)",1
"(4446, 4380)",1
"(290, 169)",1
"(346, 697)",1
"(622, 496)",1
"(678, 451)",1
"(3112, 2186)",1
"(2493, 4112)",1
"(4500, 2500)",1
"(471, 452)",1
"(4056, 3464)",1
"(477, 606)",1
"(165, 246)",1
"(590, 332)",1
"(552, 469)",1
"(889, 866)",1
"(529, 532)",1
"(746, 440)",1
"(394, 550)",1
"(466, 473)",1
"(576, 300)",1
"(573, 450)",1
"(145, 95)",1
"(111, 220)",1
"(129, 114)",1
"(98, 432)",1
"(235, 152)",1
"(260, 261)",1
"(811, 595)",1
"(638, 512)",1
"(672, 515)",1
"(454, 416)",1
"(538, 706)",1
"(503, 432)",1
"(1172, 654)",1
"(492, 600)",1
"(596, 450)",1
"(147, 201)",1
"(651, 406)",1
"(574, 417)",1
"(543, 464)",1
"(596, 626)",1
"(683, 413)",1
"(749, 310)",1
"(549, 657)",1
"(380, 567)",1
"(687, 480)",1
"(554, 784)",1
"(157, 251)",1
"(378, 176)",1
"(889, 541)",1
"(1039, 720)",1
"(486, 638)",1
"(568, 485)",1
"(431, 758)",1
"(422, 473)",1
"(673, 470)",1
"(443, 490)",1
"(572, 448)",1
"(290, 168)",1
"(200, 221)",1
"(459, 775)",1
"(551, 417)",1
"(469, 595)",1
"(459, 589)",1
"(524, 513)",1
"(490, 369)",1
"(434, 718)",1
"(715, 512)",1
"(191, 166)",1
"(232, 211)",1
"(650, 565)",1
"(675, 480)",1
"(388, 622)",1
"(659, 685)",1
"(629, 422)",1
"(852, 413)",1
"(481, 423)",1
"(736, 545)",1
"(500, 436)",1
"(221, 220)",1
"(300, 192)",1
"(412, 449)",1
"(524, 554)",1
"(647, 355)",1
"(599, 426)",1
"(594, 401)",1
"(386, 532)",1
"(457, 717)",1
"(786, 527)",1
"(672, 486)",1
"(195, 148)",1
"(693, 460)",1
"(702, 700)",1
"(556, 418)",1
"(573, 459)",1
"(554, 826)",1
"(859, 585)",1
"(588, 764)",1
"(804, 720)",1
"(983, 600)",1
"(134, 224)",1
"(343, 239)",1
"(539, 477)",1
"(790, 452)",1
"(609, 503)",1
"(466, 508)",1
"(555, 710)",1
"(662, 593)",1
"(741, 683)",1
"(446, 600)",1
"(547, 515)",1
"(222, 212)",1
"(217, 275)",1
"(576, 383)",1
"(446, 500)",1
"(614, 551)",1
"(735, 694)",1
"(708, 487)",1
"(509, 648)",1
"(447, 720)",1
"(660, 480)",1
"(459, 805)",1
"(576, 471)",1
"(223, 212)",1
"(258, 241)",1
"(523, 649)",1
"(424, 600)",1
"(585, 800)",1
"(672, 529)",1
"(739, 464)",1
"(480, 592)",1
"(433, 650)",1
"(650, 682)",1
"(1019, 596)",1
"(124, 131)",1
"(273, 120)",1
"(205, 212)",1
"(361, 274)",1
"(579, 600)",1
"(526, 699)",1
"(581, 404)",1
"(785, 540)",1
"(811, 464)",1
"(542, 517)",1
"(411, 722)",1
"(689, 519)",1
"(772, 358)",1
"(267, 232)",1
"(812, 464)",1
"(788, 454)",1
"(668, 540)",1
"(860, 505)",1
"(647, 468)",1
"(589, 639)",1
"(449, 550)",1
"(477, 934)",1
"(465, 620)",1
"(650, 826)",1
"(281, 176)",1
"(339, 221)",1
"(798, 482)",1
"(797, 429)",1
"(443, 618)",1
"(670, 421)",1
"(902, 436)",1
"(1168, 811)",1
"(886, 525)",1
"(654, 513)",1
"(192, 177)",1
"(197, 235)",1
"(368, 969)",1
"(607, 626)",1
"(722, 510)",1
"(922, 656)",1
"(1078, 697)",1
"(647, 616)",1
"(400, 514)",1
"(516, 580)",1
"(501, 601)",1
"(374, 239)",1
"(577, 969)",1
"(456, 478)",1
"(569, 731)",1
"(439, 581)",1
"(525, 474)",1
"(594, 434)",1
"(551, 683)",1
"(694, 538)",1
"(428, 630)",1
"(213, 261)",1
"(983, 620)",1
"(800, 683)",1
"(602, 915)",1
"(659, 480)",1
"(989, 801)",1
"(674, 744)",1
"(626, 770)",1
"(974, 1390)",1
"(817, 680)",1
"(192, 179)",1
"(228, 267)",1
"(565, 674)",1
"(691, 508)",1
"(928, 386)",1
"(641, 429)",1
"(448, 691)",1
"(779, 632)",1
"(583, 489)",1
"(895, 555)",1
"(845, 576)",1
"(1012, 687)",1
"(249, 196)",1
"(569, 543)",1
"(662, 597)",1
"(502, 667)",1
"(639, 526)",1
"(513, 941)",1
"(897, 683)",1
"(470, 503)",1
"(600, 489)",1
"(637, 736)",1
"(342, 198)",1
"(1005, 684)",1
"(689, 388)",1
"(507, 536)",1
"(621, 411)",1
"(508, 684)",1
"(497, 580)",1
"(1017, 700)",1
"(691, 504)",1
"(629, 681)",1
"(483, 550)",1
"(183, 202)",1
"(361, 191)",1
"(633, 481)",1
"(723, 675)",1
"(727, 576)",1
"(596, 773)",1
"(1123, 514)",1
"(651, 617)",1
"(441, 555)",1
"(1030, 720)",1
"(177, 114)",1
"(225, 176)",1
"(189, 242)",1
"(229, 247)",1
"(529, 800)",1
"(866, 819)",1
"(641, 811)",1
"(1005, 720)",1
"(782, 525)",1
"(601, 432)",1
"(788, 778)",1
"(583, 605)",1
"(727, 462)",1
"(619, 475)",1
"(162, 278)",1
"(196, 269)",1
"(574, 800)",1
"(771, 531)",1
"(555, 526)",1
"(562, 528)",1
"(744, 849)",1
"(689, 504)",1
"(808, 737)",1
"(476, 576)",1
"(584, 569)",1
"(353, 249)",1
"(495, 619)",1
"(765, 680)",1
"(850, 489)",1
"(621, 684)",1
"(596, 571)",1
"(1000, 829)",1
"(620, 600)",1
"(578, 538)",1
"(786, 675)",1
"(216, 252)",1
"(301, 320)",1
"(508, 718)",1
"(640, 687)",1
"(566, 725)",1
"(738, 649)",1
"(835, 681)",1
"(450, 726)",1
"(910, 607)",1
"(502, 640)",1
"(317, 213)",1
"(233, 263)",1
"(623, 474)",1
"(800, 779)",1
"(582, 596)",1
"(490, 753)",1
"(487, 594)",1
"(450, 784)",1
"(663, 606)",1
"(1068, 528)",1
"(923, 705)",1
"(1184, 675)",1
"(216, 253)",1
"(830, 667)",1
"(760, 568)",1
"(675, 520)",1
"(711, 482)",1
"(703, 548)",1
"(670, 643)",1
"(895, 749)",1
"(548, 541)",1
"(481, 785)",1
"(594, 509)",1
"(315, 207)",1
"(363, 271)",1
"(676, 634)",1
"(515, 710)",1
"(730, 525)",1
"(756, 486)",1
"(1280, 714)",1
"(768, 511)",1
"(817, 539)",1
"(607, 559)",1
"(984, 683)",1
"(556, 555)",1
"(239, 254)",1
"(260, 243)",1
"(546, 843)",1
"(929, 513)",1
"(836, 500)",1
"(800, 437)",1
"(621, 720)",1
"(741, 439)",1
"(1081, 580)",1
"(833, 720)",1
"(760, 1086)",1
"(584, 719)",1
"(166, 265)",1
"(456, 309)",1
"(640, 569)",1
"(771, 543)",1
"(709, 539)",1
"(749, 675)",1
"(830, 478)",1
"(676, 682)",1
"(676, 694)",1
"(587, 681)",1
"(777, 497)",1
"(677, 750)",1
"(151, 241)",1
"(244, 245)",1
"(1024, 465)",1
"(553, 775)",1
"(810, 571)",1
"(595, 687)",1
"(1042, 526)",1
"(731, 574)",1
"(640, 498)",1
"(626, 1043)",1
"(629, 569)",1
"(143, 113)",1
"(152, 350)",1
"(258, 304)",1
"(572, 624)",1
"(855, 534)",1
"(723, 520)",1
"(975, 1030)",1
"(728, 451)",1
"(544, 800)",1
"(535, 731)",1
"(959, 539)",1
"(727, 647)",1
"(897, 607)",1
"(243, 210)",1
"(368, 280)",1
"(570, 885)",1
"(898, 580)",1
"(462, 689)",1
"(1065, 680)",1
"(1095, 712)",1
"(454, 664)",1
"(783, 788)",1
"(563, 683)",1
"(589, 720)",1
"(270, 218)",1
"(221, 224)",1
"(609, 575)",1
"(587, 754)",1
"(729, 618)",1
"(652, 732)",1
"(899, 698)",1
"(603, 521)",1
"(497, 720)",1
"(546, 848)",1
"(678, 720)",1
"(241, 200)",1
"(181, 271)",1
"(667, 801)",1
"(782, 654)",1
"(1129, 675)",1
"(605, 675)",1
"(715, 588)",1
"(604, 1020)",1
"(629, 583)",1
"(562, 1018)",1
"(503, 661)",1
"(181, 252)",1
"(203, 270)",1
"(815, 607)",1
"(873, 532)",1
"(862, 472)",1
"(650, 530)",1
"(651, 767)",1
"(1100, 620)",1
"(614, 708)",1
"(688, 505)",1
"(738, 654)",1
"(735, 578)",1
"(180, 272)",1
"(577, 802)",1
"(724, 701)",1
"(675, 673)",1
"(890, 571)",1
"(986, 555)",1
"(573, 613)",1
"(690, 501)",1
"(731, 610)",1
"(704, 867)",1
"(875, 700)",1
"(263, 153)",1
"(264, 248)",1
"(799, 600)",1
"(721, 462)",1
"(778, 519)",1
"(414, 900)",1
"(564, 616)",1
"(607, 536)",1
"(660, 662)",1
"(755, 609)",1
"(528, 794)",1
"(949, 664)",1
"(166, 268)",1
"(250, 333)",1
"(808, 698)",1
"(592, 816)",1
"(646, 710)",1
"(694, 719)",1
"(930, 655)",1
"(834, 611)",1
"(1199, 618)",1
"(564, 530)",1
"(663, 671)",1
"(361, 257)",1
"(214, 284)",1
"(700, 486)",1
"(646, 817)",1
"(828, 599)",1
"(891, 611)",1
"(989, 720)",1
"(719, 862)",1
"(575, 508)",1
"(788, 503)",1
"(886, 539)",1
"(264, 154)",1
"(302, 459)",1
"(588, 751)",1
"(703, 549)",1
"(616, 1080)",1
"(694, 694)",1
"(506, 797)",1
"(794, 609)",1
"(777, 825)",1
"(657, 648)",1
"(716, 675)",1
"(171, 102)",1
"(219, 208)",1
"(218, 168)",1
"(368, 367)",1
"(605, 768)",1
"(629, 646)",1
"(712, 810)",1
"(587, 564)",1
"(507, 879)",1
"(833, 652)",1
"(952, 522)",1
"(826, 594)",1
"(681, 1000)",1
"(979, 498)",1
"(366, 201)",1
"(264, 227)",1
"(525, 651)",1
"(729, 627)",1
"(529, 900)",1
"(748, 956)",1
"(827, 877)",1
"(711, 1132)",1
"(812, 636)",1
"(802, 500)",1
"(639, 720)",1
"(180, 274)",1
"(252, 240)",1
"(1151, 477)",1
"(633, 596)",1
"(856, 709)",1
"(825, 800)",1
"(746, 486)",1
"(860, 539)",1
"(723, 480)",1
"(664, 643)",1
"(819, 556)",1
"(707, 493)",1
"(184, 270)",1
"(184, 375)",1
"(825, 667)",1
"(592, 658)",1
"(636, 916)",1
"(774, 566)",1
"(1024, 682)",1
"(1119, 720)",1
"(754, 625)",1
"(833, 675)",1
"(665, 778)",1
"(799, 637)",1
"(313, 319)",1
"(219, 293)",1
"(740, 566)",1
"(597, 641)",1
"(920, 720)",1
"(697, 980)",1
"(776, 884)",1
"(900, 519)",1
"(661, 613)",1
"(800, 846)",1
"(1088, 741)",1
"(190, 265)",1
"(319, 259)",1
"(352, 1144)",1
"(979, 675)",1
"(1148, 588)",1
"(736, 848)",1
"(819, 858)",1
"(659, 893)",1
"(1133, 695)",1
"(703, 807)",1
"(750, 683)",1
"(375, 205)",1
"(376, 360)",1
"(781, 787)",1
"(616, 719)",1
"(1230, 700)",1
"(600, 857)",1
"(846, 878)",1
"(731, 1024)",1
"(911, 797)",1
"(887, 675)",1
"(1001, 1007)",1
"(786, 951)",1
"(169, 290)",1
"(223, 370)",1
"(906, 704)",1
"(705, 665)",1
"(620, 987)",1
"(1031, 718)",1
"(801, 669)",1
"(969, 720)",1
"(818, 635)",1
"(1027, 808)",1
"(1000, 1000)",1
"(252, 191)",1
"(332, 266)",1
"(1026, 1080)",1
"(1557, 499)",1
"(883, 661)",1
"(800, 1405)",1
"(923, 555)",1
"(957, 576)",1
"(621, 1025)",1
"(1047, 1108)",1
"(1217, 792)",1
"(167, 259)",1
"(1280, 458)",1
"(848, 720)",1
"(883, 720)",1
"(939, 752)",1
"(881, 926)",1
"(613, 1141)",1
"(1188, 623)",1
"(960, 619)",1
"(553, 961)",1
"(683, 720)",1
"(132, 145)",1
"(291, 211)",1
"(269, 254)",1
"(743, 756)",1
"(845, 669)",1
"(797, 886)",1
"(683, 1057)",1
"(859, 817)",1
"(821, 922)",1
"(658, 921)",1
"(691, 974)",1
"(658, 848)",1
"(855, 780)",1
"(223, 244)",1
"(349, 171)",1
"(1061, 974)",1
"(1658, 1152)",1
"(707, 684)",1
"(1207, 644)",1
"(1214, 517)",1
"(864, 944)",1
"(932, 675)",1
"(603, 800)",1
"(825, 1470)",1
"(223, 245)",1
"(204, 277)",1
"(614, 1000)",1
"(671, 1000)",1
"(785, 576)",1
"(642, 842)",1
"(733, 617)",1
"(974, 755)",1
"(720, 1082)",1
"(761, 900)",1
"(832, 650)",1
"(959, 540)",1
"(215, 223)",1
"(303, 180)",1
"(992, 932)",1
"(920, 822)",1
"(865, 710)",1
"(799, 1007)",1
"(639, 1013)",1
"(1176, 1046)",1
"(678, 853)",1
"(1008, 632)",1
"(641, 1000)",1
"(623, 819)",1
"(252, 263)",1
"(249, 241)",1
"(972, 920)",1
"(1182, 837)",1
"(661, 899)",1
"(891, 579)",1
"(1002, 651)",1
"(697, 1034)",1
"(825, 764)",1
"(640, 1015)",1
"(838, 600)",1
"(960, 496)",1
"(930, 740)",1
"(941, 1557)",1
"(948, 889)",1
"(921, 1034)",1
"(854, 1134)",1
"(1243, 949)",1
"(736, 1176)",1
"(1037, 944)",1
"(1011, 741)",1
"(1255, 700)",1
"(179, 274)",1
"(284, 207)",1
"(658, 974)",1
"(845, 829)",1
"(1036, 979)",1
"(760, 1087)",1
"(669, 1038)",1
"(934, 665)",1
"(850, 776)",1
"(791, 841)",1
"(605, 845)",1
"(1002, 785)",1
"(267, 199)",1
"(246, 262)",1
"(904, 662)",1
"(793, 858)",1
"(1251, 821)",1
"(1078, 902)",1
"(853, 799)",1
"(924, 880)",1
"(647, 1003)",1
"(943, 630)",1
"(260, 246)",1
"(1163, 910)",1
"(948, 700)",1
"(665, 889)",1
"(851, 728)",1
"(724, 804)",1
"(1065, 887)",1
"(1110, 900)",1
"(774, 766)",1
"(998, 668)",1
"(1148, 800)",1
"(264, 251)",1
"(275, 174)",1
"(1342, 546)",1
"(727, 1376)",1
"(944, 795)",1
"(1026, 960)",1
"(798, 613)",1
"(1183, 973)",1
"(920, 974)",1
"(1036, 711)",1
"(199, 147)",1
"(182, 170)",1
"(176, 295)",1
"(227, 257)",1
"(1163, 922)",1
"(988, 1013)",1
"(1204, 760)",1
"(896, 750)",1
"(1017, 866)",1
"(1208, 580)",1
"(792, 766)",1
"(1026, 701)",1
"(1221, 1084)",1
"(870, 1390)",1
"(451, 319)",1
"(218, 229)",1
"(935, 1102)",1
"(697, 1099)",1
"(812, 1041)",1
"(971, 893)",1
"(797, 714)",1
"(965, 811)",1
"(1177, 700)",1
"(690, 834)",1
"(700, 882)",1
"(267, 378)",1
"(238, 285)",1
"(939, 848)",1
"(1351, 1292)",1
"(1397, 800)",1
"(1062, 720)",1
"(1160, 760)",1
"(1026, 963)",1
"(888, 832)",1
"(1284, 867)",1
"(974, 1352)",1
"(1000, 780)",1
"(208, 261)",1
"(303, 182)",1
"(1000, 654)",1
"(1219, 964)",1
"(1200, 680)",1
"(973, 894)",1
"(930, 791)",1
"(1200, 627)",1
"(657, 1001)",1
"(806, 1167)",1
"(866, 1383)",1
"(716, 793)",1
"(262, 224)",1
"(797, 831)",1
"(1374, 866)",1
"(1482, 737)",1
"(988, 1315)",1
"(1339, 1160)",1
"(1024, 720)",1
"(1124, 616)",1
"(882, 620)",1
"(979, 1167)",1
"(286, 229)",1
"(297, 226)",1
"(1111, 799)",1
"(1098, 804)",1
"(1083, 787)",1
"(950, 785)",1
"(1209, 823)",1
"(1001, 1000)",1
"(1081, 982)",1
"(1165, 596)",1
"(1018, 1154)",1
"(760, 879)",1
"(243, 311)",1
"(260, 200)",1
"(1115, 1387)",1
"(749, 1091)",1
"(1018, 958)",1
"(821, 780)",1
"(854, 827)",1
"(1458, 1540)",1
"(1285, 841)",1
"(1232, 700)",1
"(803, 925)",1
"(956, 1200)",1
"(239, 218)",1
"(347, 269)",1
"(809, 1414)",1
"(1258, 1180)",1
"(1400, 975)",1
"(900, 1159)",1
"(1065, 719)",1
"(1208, 821)",1
"(977, 834)",1
"(899, 848)",1
"(1450, 1366)",1
"(828, 1700)",1
"(213, 240)",1
"(304, 221)",1
"(1200, 982)",1
"(1020, 1283)",1
"(1423, 1067)",1
"(875, 589)",1
"(856, 961)",1
"(1006, 1025)",1
"(976, 709)",1
"(733, 1342)",1
"(1100, 1019)",1
"(889, 682)",1
"(263, 233)",1
"(265, 272)",1
"(866, 1288)",1
"(1343, 636)",1
"(1180, 700)",1
"(1087, 739)",1
"(885, 761)",1
"(1067, 1600)",1
"(1181, 852)",1
"(1019, 731)",1
"(1375, 1306)",1
"(204, 120)",1
"(157, 280)",1
"(267, 212)",1
"(324, 242)",1
"(1300, 897)",1
"(1062, 703)",1
"(933, 1352)",1
"(1214, 700)",1
"(755, 1155)",1
"(936, 785)",1
"(1261, 750)",1
"(1189, 793)",1
"(1309, 1080)",1
"(1009, 1129)",1
"(247, 248)",1
"(257, 234)",1
"(864, 1108)",1
"(1049, 827)",1
"(1189, 794)",1
"(1137, 1093)",1
"(1274, 854)",1
"(952, 708)",1
"(1252, 781)",1
"(1245, 1080)",1
"(1085, 1379)",1
"(928, 950)",1
"(257, 277)",1
"(303, 185)",1
"(984, 818)",1
"(1352, 1709)",1
"(1152, 1004)",1
"(1020, 1218)",1
"(1119, 796)",1
"(993, 1336)",1
"(1015, 1049)",1
"(1201, 923)",1
"(937, 1218)",1
"(1002, 822)",1
"(323, 327)",1
"(290, 256)",1
"(1023, 1043)",1
"(1389, 1034)",1
"(1680, 835)",1
"(1605, 1334)",1
"(903, 1257)",1
"(939, 668)",1
"(1230, 975)",1
"(1600, 1186)",1
"(851, 1141)",1
"(216, 269)",1
"(215, 254)",1
"(831, 1530)",1
"(875, 1103)",1
"(1003, 1600)",1
"(791, 994)",1
"(1160, 1254)",1
"(975, 851)",1
"(1123, 725)",1
"(1019, 726)",1
"(243, 248)",1
"(199, 401)",1
"(982, 1031)",1
"(1440, 1277)",1
"(1088, 938)",1
"(980, 1012)",1
"(1620, 1071)",1
"(914, 1200)",1
"(1002, 939)",1
"(965, 1080)",1
"(1018, 997)",1
"(221, 305)",1
"(263, 425)",1
"(1171, 1080)",1
"(1360, 907)",1
"(957, 844)",1
"(1049, 1533)",1
"(1410, 953)",1
"(1596, 768)",1
"(1000, 1600)",1
"(1167, 793)",1
"(1058, 1728)",1
"(230, 293)",1
"(353, 196)",1
"(1030, 861)",1
"(1231, 1323)",1
"(909, 923)",1
"(719, 1521)",1
"(1327, 1027)",1
"(1330, 832)",1
"(904, 1028)",1
"(1353, 709)",1
"(220, 261)",1
"(947, 1025)",1
"(925, 1229)",1
"(958, 1387)",1
"(1246, 1197)",1
"(1215, 2125)",1
"(1195, 1306)",1
"(1088, 976)",1
"(1127, 793)",1
"(1187, 1048)",1
"(1214, 1293)",1
"(287, 280)",1
"(379, 206)",1
"(1128, 1269)",1
"(974, 1008)",1
"(1020, 780)",1
"(1060, 1515)",1
"(804, 1354)",1
"(731, 1280)",1
"(1552, 816)",1
"(1193, 1000)",1
"(2048, 1152)",1
"(1280, 1920)",1
"(249, 168)",1
"(312, 350)",1
"(287, 230)",1
"(249, 235)",1
"(829, 1259)",1
"(1069, 1390)",1
"(1328, 1167)",1
"(726, 1409)",1
"(858, 798)",1
"(1527, 916)",1
"(1347, 1028)",1
"(1152, 836)",1
"(850, 1089)",1
"(866, 1295)",1
"(301, 241)",1
"(1481, 1080)",1
"(1254, 980)",1
"(1255, 1200)",1
"(1747, 1280)",1
"(1564, 1592)",1
"(1562, 1080)",1
"(1284, 833)",1
"(1131, 1034)",1
"(1322, 2526)",1
"(1152, 1152)",1
"(292, 202)",1
"(295, 201)",1
"(990, 864)",1
"(720, 1646)",1
"(1577, 1246)",1
"(1670, 1670)",1
"(1315, 1058)",1
"(956, 1355)",1
"(1598, 859)",1
"(1192, 1128)",1
"(1075, 795)",1
"(1429, 1075)",1
"(292, 201)",1
"(328, 218)",1
"(1522, 1125)",1
"(1169, 1210)",1
"(1853, 1310)",1
"(937, 1271)",1
"(1522, 1167)",1
"(1834, 608)",1
"(1664, 1200)",1
"(1374, 1132)",1
"(1150, 952)",1
"(288, 219)",1
"(959, 1194)",1
"(1106, 1600)",1
"(1111, 1440)",1
"(1551, 1953)",1
"(981, 1421)",1
"(1397, 900)",1
"(1238, 1131)",1
"(1335, 1080)",1
"(1888, 1373)",1
"(946, 1443)",1
"(349, 200)",1
"(229, 217)",1
"(1719, 1215)",1
"(1409, 1084)",1
"(1136, 1280)",1
"(1035, 1284)",1
"(1980, 1980)",1
"(1630, 1442)",1
"(1590, 599)",1
"(990, 1432)",1
"(1823, 983)",1
"(1600, 1160)",1
"(314, 274)",1
"(216, 303)",1
"(1600, 1100)",1
"(1581, 1181)",1
"(1200, 1799)",1
"(1418, 1098)",1
"(1527, 1260)",1
"(1826, 986)",1
"(1366, 1067)",1
"(1425, 1098)",1
"(1280, 959)",1
"(1125, 1464)",1
"(255, 279)",1
"(297, 229)",1
"(1628, 1058)",1
"(1280, 897)",1
"(1893, 1335)",1
"(877, 1341)",1
"(1100, 978)",1
"(1131, 977)",1
"(820, 1429)",1
"(1712, 1075)",1
"(1002, 1038)",1
"(2048, 1194)",1
"(309, 290)",1
"(367, 282)",1
"(1705, 1200)",1
"(1277, 1199)",1
"(1807, 1500)",1
"(1525, 1071)",1
"(1056, 1665)",1
"(1660, 1280)",1
"(1375, 1475)",1
"(1149, 1365)",1
"(936, 1522)",1
"(292, 263)",1
"(1830, 1365)",1
"(1257, 1290)",1
"(1641, 1080)",1
"(2000, 2154)",1
"(1744, 1081)",1
"(977, 1213)",1
"(1334, 1198)",1
"(1196, 2297)",1
"(1188, 798)",1
"(1253, 1361)",1
"(179, 131)",1
"(154, 276)",1
"(327, 251)",1
"(154, 480)",1
"(1140, 1767)",1
"(987, 2157)",1
"(1637, 852)",1
"(1145, 950)",1
"(1096, 1453)",1
"(1122, 1314)",1
"(1708, 1700)",1
"(1388, 1875)",1
"(1792, 1261)",1
"(1631, 1079)",1
"(259, 251)",1
"(271, 214)",1
"(1072, 1644)",1
"(1292, 1191)",1
"(1642, 1333)",1
"(1489, 1027)",1
"(1228, 1956)",1
"(1716, 2314)",1
"(2048, 1279)",1
"(1307, 1960)",1
"(1806, 1220)",1
"(1330, 1600)",1
"(220, 303)",1
"(224, 258)",1
"(1271, 1666)",1
"(2293, 1706)",1
"(1225, 3072)",1
"(1846, 1173)",1
"(1067, 1369)",1
"(1726, 1686)",1
"(1718, 1423)",1
"(1617, 1200)",1
"(1755, 1103)",1
"(1996, 1365)",1
"(223, 356)",1
"(250, 278)",1
"(1515, 1366)",1
"(1554, 1500)",1
"(1253, 1462)",1
"(1918, 1147)",1
"(2054, 2491)",1
"(1250, 1626)",1
"(2137, 2344)",1
"(1465, 1482)",1
"(2971, 2048)",1
"(1743, 931)",1
"(276, 256)",1
"(1928, 1051)",1
"(1705, 1605)",1
"(1350, 1546)",1
"(1268, 1506)",1
"(3721, 2218)",1
"(1928, 1653)",1
"(1629, 1459)",1
"(2207, 1400)",1
"(2068, 2916)",1
"(1618, 1592)",1
"(252, 228)",1
"(291, 246)",1
"(1425, 1554)",1
"(3007, 2056)",1
"(1737, 2042)",1
"(1641, 1960)",1
"(1592, 2221)",1
"(1634, 1569)",1
"(1325, 1642)",1
"(2096, 1706)",1
"(2003, 2159)",1
"(1741, 2355)",1
"(261, 320)",1
"(196, 340)",1
"(1999, 1487)",1
"(2063, 2500)",1
"(1801, 1365)",1
"(1491, 1612)",1
"(1970, 1327)",1
"(1465, 2257)",1
"(1734, 1593)",1
"(1643, 2304)",1
"(2378, 1888)",1
"(3276, 1603)",1
"(298, 406)",1
"(324, 207)",1
"(2967, 1906)",1
"(3072, 3072)",1
"(2416, 2500)",1
"(2032, 1493)",1
"(1866, 1944)",1
"(2045, 1454)",1
"(2332, 1949)",1
"(2644, 2598)",1
"(2583, 1972)",1
"(365, 239)",1
"(388, 319)",1
"(2688, 1882)",1
"(1680, 2147)",1
"(2361, 1593)",1
"(1918, 1902)",1
"(2880, 1800)",1
"(3012, 2160)",1
"(2333, 1615)",1
"(2571, 1783)",1
"(2497, 1856)",1
"(2166, 1601)",1
"(289, 305)",1
"(286, 198)",1
"(2046, 2018)",1
"(1428, 2165)",1
"(1606, 2341)",1
"(2343, 2001)",1
"(2070, 1603)",1
"(2572, 1800)",1
"(1556, 2046)",1
"(3000, 2001)",1
"(2346, 3424)",1
"(2038, 1960)",1
"(196, 222)",1
"(117, 141)",1
"(203, 252)",1
"(387, 239)",1
"(257, 290)",1
"(2327, 3870)",1
"(2816, 2112)",1
"(1821, 2647)",1
"(2596, 1740)",1
"(2528, 3285)",1
"(2507, 2527)",1
"(2525, 3314)",1
"(2500, 2747)",1
"(2527, 1853)",1
"(2606, 2436)",1
"(404, 254)",1
"(280, 270)",1
"(2712, 3226)",1
"(3640, 2252)",1
"(1734, 3647)",1
"(1786, 2365)",1
"(3740, 3002)",1
"(2391, 2730)",1
"(2977, 2587)",1
"(3099, 2099)",1
"(3074, 3198)",1
"(2804, 2449)",1
"(240, 321)",1
"(266, 279)",1
"(4657, 3288)",1
"(2667, 2224)",1
"(2880, 4608)",1
"(3581, 2200)",1
"(2966, 4023)",1
"(3569, 2502)",1
"(2123, 3712)",1
"(2661, 5184)",1
"(3516, 2668)",1
"(4421, 2746)",1
"(278, 328)",1
"(323, 188)",1
"(2737, 2532)",1
"(3460, 2867)",1
"(2603, 2949)",1
"(2055, 3654)",1
"(3650, 2592)",1
"(4140, 2558)",1
"(3260, 3648)",1
"(2733, 2950)",1
"(3889, 2274)",1
"(2817, 3195)",1
"(268, 353)",1
"(206, 389)",1
"(2797, 4440)",1
"(4918, 3456)",1
"(960, 540)",1
"(3859, 2795)",1
"(2519, 3487)",1
"(3200, 3742)",1
"(4182, 3549)",1
"(4500, 3000)",1
"(755, 933)",1
"(3072, 3705)",1
"(257, 338)",1
"(277, 244)",1
"(4384, 3861)",1
"(628, 907)",1
"(4311, 2483)",1
"(3926, 3140)",1
"(2452, 5131)",1
"(2804, 4532)",1
"(5231, 4000)",1
"(4091, 3526)",1
"(4582, 2511)",1
"(3028, 4985)",1
"(304, 329)",1
"(3515, 2452)",1
"(2552, 4013)",1
"(2377, 4061)",1
"(2979, 4156)",1
"(5027, 4216)",1
"(3580, 4693)",1
"(6020, 3774)",1
"(4530, 4167)",1
"(3971, 5420)",1
"(6223, 3833)",1
"(365, 196)",1
"(5927, 4160)",1
"(4973, 5783)",1
"(3605, 4841)",1
"(5568, 3712)",1
"(4287, 3507)",1
"(4939, 2828)",1
"(4640, 6960)",1
"(6574, 4055)",1
"(7723, 5260)",1
"(305, 280)",1
"(293, 178)",1
"(762, 656)",1
"(257, 401)",1
"(137, 172)",1
"(194, 311)",1
"(258, 280)",1
"(319, 238)",1
"(294, 249)",1
"(403, 237)",1
"(265, 352)",1
"(239, 332)",1
"(335, 298)",1
"(746, 912)",1
"(291, 267)",1
"(267, 267)",1
"(1013, 720)",1
"(238, 349)",1
"(775, 720)",1
"(485, 683)",1
"(680, 1023)",1
"(878, 488)",1
"(788, 536)",1
"(821, 662)",1
"(741, 660)",1
"(514, 806)",1
"(752, 857)",1
"(785, 708)",1
"(366, 294)",1
"(219, 405)",1
"(785, 1000)",1
"(655, 641)",1
"(843, 720)",1
"(954, 553)",1
"(954, 683)",1
"(1200, 695)",1
"(972, 700)",1
"(1052, 859)",1
"(1010, 563)",1
"(1600, 1208)",1
"(358, 236)",1
"(306, 179)",1
"(756, 572)",1
"(689, 511)",1
"(514, 941)",1
"(859, 570)",1
"(806, 1000)",1
"(701, 800)",1
"(1067, 743)",1
"(826, 676)",1
"(682, 604)",1
"(335, 273)",1
"(1232, 1080)",1
"(312, 274)",1
"(378, 259)",1
"(139, 172)",1
"(277, 175)",1
"(367, 260)",1
"(343, 358)",1
"(367, 225)",1
"(371, 271)",1
"(411, 270)",1
"(314, 290)",1
"(254, 266)",1
"(318, 427)",1
"(279, 351)",1
"(232, 340)",1
"(290, 241)",1
"(247, 225)",1
"(295, 323)",1
"(222, 288)",1
"(337, 350)",1
"(260, 384)",1
"(241, 280)",1
"(132, 189)",1
"(202, 181)",1
"(407, 305)",1
"(312, 186)",1
"(367, 221)",1
"(196, 580)",1
"(549, 329)",1
"(260, 356)",1
"(350, 370)",1
"(345, 228)",1
"(407, 303)",1
"(284, 268)",1
"(354, 261)",1
"(212, 308)",1
"(370, 282)",1
"(312, 253)",1
"(245, 274)",1
"(334, 403)",1
"(242, 274)",1
"(343, 261)",1
"(254, 268)",1
"(195, 126)",1
"(168, 225)",1
"(337, 258)",1
"(304, 350)",1
"(246, 332)",1
"(345, 311)",1
"(258, 262)",1
"(460, 238)",1
"(295, 268)",1
"(319, 314)",1
"(325, 252)",1
"(444, 339)",1
"(291, 272)",1
"(313, 375)",1
"(286, 254)",1
"(261, 464)",1
"(326, 222)",1
"(269, 460)",1
"(354, 253)",1
"(459, 423)",1
"(398, 241)",1
"(193, 126)",1
"(179, 245)",1
"(478, 187)",1
"(271, 151)",1
"(319, 210)",1
"(455, 289)",1
"(265, 339)",1
"(356, 244)",1
"(560, 371)",1
"(292, 251)",1
"(332, 242)",1
"(581, 350)",1
"(305, 269)",1
"(584, 350)",1
"(252, 255)",1
"(372, 350)",1
"(119, 124)",1
"(224, 179)",1
"(373, 350)",1
"(382, 350)",1
"(366, 239)",1
"(348, 515)",1
"(356, 276)",1
"(331, 257)",1
"(486, 294)",1
"(245, 318)",1
"(514, 144)",1
"(266, 417)",1
"(344, 209)",1
"(587, 667)",1
"(286, 300)",1
"(393, 306)",1
"(258, 274)",1
"(298, 280)",1
"(136, 167)",1
"(218, 199)",1
"(459, 309)",1
"(188, 337)",1
"(464, 370)",1
"(304, 234)",1
"(675, 456)",1
"(274, 287)",1
"(356, 529)",1
"(499, 537)",1
"(360, 328)",1
"(357, 531)",1
"(389, 263)",1
"(422, 283)",1
"(239, 281)",1
"(169, 375)",1
"(575, 195)",1
"(491, 377)",1
"(272, 248)",1
"(90, 234)",1
"(224, 204)",1
"(415, 287)",1
"(267, 239)",1
"(248, 327)",1
"(281, 310)",1
"(253, 280)",1
"(400, 382)",1
"(235, 366)",1
"(284, 280)",1
"(768, 401)",1
"(568, 466)",1
"(395, 383)",1
"(318, 366)",1
"(244, 210)",1
"(293, 466)",1
"(536, 400)",1
"(115, 168)",1
"(209, 360)",1
"(275, 269)",1
"(373, 237)",1
"(736, 491)",1
"(383, 412)",1
"(357, 184)",1
"(265, 257)",1
"(535, 432)",1
"(480, 333)",1
"(446, 384)",1
"(735, 808)",1
"(330, 370)",1
"(143, 215)",1
"(159, 120)",1
"(323, 240)",1
"(570, 433)",1
"(307, 247)",1
"(542, 665)",1
"(317, 323)",1
"(661, 553)",1
"(360, 251)",1
"(543, 542)",1
"(252, 479)",1
"(542, 524)",1
"(293, 247)",1
"(608, 701)",1
"(371, 245)",1
"(520, 779)",1
"(323, 238)",1
"(1232, 497)",1
"(262, 276)",1
"(256, 325)",1
"(916, 516)",1
"(304, 361)",1
"(193, 232)",1
"(1450, 574)",1
"(312, 233)",1
"(814, 913)",1
"(260, 495)",1
"(286, 337)",1
"(793, 1051)",1
"(316, 258)",1
"(425, 1344)",1
"(411, 262)",1
"(1474, 1308)",1
"(405, 300)",1
"(1151, 1706)",1
"(1631, 1442)",1
"(460, 271)",1
"(1504, 1248)",1
"(265, 270)",1
"(1953, 1554)",1
"(198, 364)",1
"(213, 193)",1
"(1818, 1923)",1
"(308, 350)",1
"(1906, 2084)",1
"(326, 258)",1
"(3609, 2117)",1
"(215, 361)",1
"(1080, 953)",1
"(397, 305)",1
"(3609, 2122)",1
"(565, 390)",1
"(3978, 2871)",1
"(304, 456)",1
"(3630, 2353)",1
"(478, 333)",1
"(3636, 2406)",1
"(328, 249)",1
"(4541, 3656)",1
"(4599, 3659)",1
"(185, 121)",1
"(221, 251)",1
"(318, 298)",1
"(264, 275)",1
"(352, 525)",1
"(247, 265)",1
"(270, 262)",1
"(248, 265)",1
"(245, 249)",1
"(344, 255)",1
"(258, 181)",1
"(209, 275)",1
"(205, 375)",1
"(420, 380)",1
"(235, 239)",1
"(250, 376)",1
"(265, 276)",1
"(258, 348)",1
"(137, 174)",1
"(212, 201)",1
"(232, 224)",1
"(263, 344)",1
"(173, 296)",1
"(357, 241)",1
"(342, 228)",1
"(278, 230)",1
"(370, 229)",1
"(327, 278)",1
"(336, 242)",1
"(235, 393)",1
"(287, 256)",1
"(234, 338)",1
"(221, 354)",1
"(470, 288)",1
"(328, 235)",1
"(401, 254)",1
"(174, 115)",1
"(287, 144)",1
"(360, 216)",1
"(321, 280)",1
"(237, 238)",1
"(328, 340)",1
"(249, 246)",1
"(314, 280)",1
"(328, 254)",1
"(463, 397)",1
"(310, 350)",1
"(270, 261)",1
"(329, 223)",1
"(290, 414)",1
"(180, 341)",1
"(381, 400)",1
"(360, 326)",1
"(262, 386)",1
"(227, 113)",1
"(356, 250)",1
"(330, 278)",1
"(262, 375)",1
"(280, 310)",1
"(264, 270)",1
"(203, 389)",1
"(425, 252)",1
"(370, 220)",1
"(392, 297)",1
"(493, 370)",1
"(265, 354)",1
"(377, 261)",1
"(462, 280)",1
"(440, 328)",1
"(436, 261)",1
"(246, 418)",1
"(393, 355)",1
"(204, 122)",1
"(238, 196)",1
"(237, 412)",1
"(299, 320)",1
"(441, 350)",1
"(734, 401)",1
"(530, 369)",1
"(338, 258)",1
"(272, 320)",1
"(305, 350)",1
"(389, 237)",1
"(383, 285)",1
"(417, 327)",1
"(356, 307)",1
"(205, 135)",1
"(252, 178)",1
"(455, 288)",1
"(394, 267)",1
"(294, 346)",1
"(280, 254)",1
"(275, 423)",1
"(402, 270)",1
"(460, 303)",1
"(338, 263)",1
"(390, 240)",1
"(435, 500)",1
"(401, 332)",1
"(416, 333)",1
"(489, 314)",1
"(320, 246)",1
"(333, 227)",1
"(138, 183)",1
"(252, 165)",1
"(266, 416)",1
"(365, 274)",1
"(461, 336)",1
"(334, 296)",1
"(389, 283)",1
"(561, 296)",1
"(389, 341)",1
"(393, 325)",1
"(293, 267)",1
"(384, 261)",1
"(454, 309)",1
"(236, 378)",1
"(337, 260)",1
"(431, 332)",1
"(366, 232)",1
"(532, 284)",1
"(600, 373)",1
"(104, 178)",1
"(159, 253)",1
"(139, 183)",1
"(218, 225)",1
"(452, 333)",1
"(413, 372)",1
"(326, 228)",1
"(446, 333)",1
"(391, 224)",1
"(416, 291)",1
"(455, 260)",1
"(574, 224)",1
"(489, 333)",1
"(436, 238)",1
"(370, 395)",1
"(303, 292)",1
"(365, 386)",1
"(387, 232)",1
"(670, 401)",1
"(366, 295)",1
"(484, 342)",1
"(314, 236)",1
"(170, 152)",1
"(260, 278)",1
"(325, 518)",1
"(275, 589)",1
"(542, 400)",1
"(337, 223)",1
"(274, 354)",1
"(418, 493)",1
"(359, 308)",1
"(540, 400)",1
"(356, 280)",1
"(800, 492)",1
"(391, 315)",1
"(595, 399)",1
"(350, 400)",1
"(533, 413)",1
"(286, 401)",1
"(472, 769)",1
"(368, 276)",1
"(108, 280)",1
"(204, 224)",1
"(600, 464)",1
"(634, 854)",1
"(344, 299)",1
"(1015, 636)",1
"(470, 266)",1
"(1007, 981)",1
"(262, 400)",1
"(935, 855)",1
"(335, 280)",1
"(1134, 762)",1
"(342, 240)",1
"(2317, 2805)",1
"(470, 453)",1
"(2288, 1794)",1
"(1629, 2723)",1
"(487, 275)",1
"(2659, 3327)",1
"(399, 237)",1
"(166, 130)",1
"(236, 172)",1
"(3178, 2986)",1
"(1987, 3669)",1
"(400, 360)",1
"(3287, 3648)",1
"(289, 505)",1
"(3431, 1954)",1
"(238, 293)",1
"(3399, 3556)",1
"(379, 362)",1
"(3032, 4985)",1
"(4112, 3551)",1
"(347, 240)",1
"(5805, 4950)",1
"(335, 550)",1
"(312, 393)",1
"(169, 152)",1
"(263, 207)",1
"(360, 553)",1
"(347, 247)",1
"(288, 326)",1
"(203, 704)",1
"(410, 273)",1
"(427, 227)",1
"(291, 380)",1
"(458, 408)",1
"(354, 237)",1
"(293, 437)",1
"(173, 191)",1
"(173, 251)",1
"(471, 317)",1
"(383, 343)",1
"(311, 413)",1
"(342, 249)",1
"(256, 368)",1
"(368, 366)",1
"(434, 469)",1
"(189, 135)",1
"(170, 257)",1
"(392, 350)",1
"(310, 475)",1
"(383, 254)",1
"(261, 508)",1
"(278, 370)",1
"(293, 552)",1
"(273, 311)",1
"(240, 363)",1
"(509, 425)",1
"(204, 242)",1
"(183, 206)",1
"(309, 283)",1
"(364, 296)",1
"(324, 310)",1
"(459, 297)",1
"(426, 299)",1
"(814, 676)",1
"(366, 316)",1
"(174, 124)",1
"(237, 187)",1
"(360, 301)",1
"(485, 359)",1
"(536, 405)",1
"(388, 230)",1
"(359, 274)",1
"(424, 272)",1
"(362, 264)",1
"(343, 432)",1
"(349, 289)",1
"(241, 415)",1
"(132, 229)",1
"(268, 161)",1
"(383, 272)",1
"(322, 280)",1
"(383, 521)",1
"(331, 601)",1
"(285, 342)",1
"(337, 320)",1
"(439, 463)",1
"(611, 378)",1
"(234, 447)",1
"(215, 135)",1
"(87, 449)",1
"(196, 130)",1
"(250, 471)",1
"(454, 346)",1
"(429, 524)",1
"(230, 431)",1
"(341, 283)",1
"(249, 403)",1
"(306, 452)",1
"(427, 343)",1
"(284, 440)",1
"(218, 147)",1
"(368, 350)",1
"(377, 405)",1
"(476, 312)",1
"(463, 280)",1
"(307, 395)",1
"(446, 359)",1
"(321, 374)",1
"(329, 400)",1
"(383, 266)",1
"(596, 352)",1
"(201, 233)",1
"(264, 189)",1
"(384, 480)",1
"(394, 461)",1
"(536, 372)",1
"(431, 271)",1
"(412, 314)",1
"(538, 434)",1
"(397, 302)",1
"(305, 363)",1
"(398, 252)",1
"(415, 448)",1
"(220, 148)",1
"(218, 221)",1
"(331, 434)",1
"(538, 354)",1
"(278, 456)",1
"(454, 401)",1
"(305, 407)",1
"(306, 480)",1
"(380, 274)",1
"(374, 297)",1
"(377, 313)",1
"(462, 294)",1
"(125, 209)",1
"(226, 193)",1
"(518, 347)",1
"(541, 439)",1
"(371, 337)",1
"(467, 380)",1
"(308, 305)",1
"(251, 704)",1
"(419, 259)",1
"(346, 383)",1
"(364, 299)",1
"(220, 137)",1
"(264, 198)",1
"(297, 357)",1
"(368, 556)",1
"(349, 486)",1
"(468, 270)",1
"(497, 314)",1
"(391, 487)",1
"(443, 305)",1
"(467, 373)",1
"(476, 477)",1
"(312, 425)",1
"(184, 179)",1
"(197, 247)",1
"(348, 375)",1
"(476, 408)",1
"(418, 377)",1
"(392, 466)",1
"(461, 351)",1
"(384, 429)",1
"(298, 362)",1
"(306, 573)",1
"(354, 441)",1
"(260, 240)",1
"(250, 176)",1
"(510, 433)",1
"(373, 360)",1
"(359, 374)",1
"(476, 318)",1
"(530, 300)",1
"(600, 396)",1
"(304, 530)",1
"(271, 470)",1
"(415, 353)",1
"(375, 366)",1
"(166, 199)",1
"(720, 344)",1
"(419, 299)",1
"(328, 317)",1
"(560, 294)",1
"(640, 347)",1
"(492, 319)",1
"(497, 524)",1
"(384, 657)",1
"(422, 563)",1
"(220, 136)",1
"(215, 205)",1
"(545, 370)",1
"(458, 327)",1
"(328, 407)",1
"(408, 320)",1
"(318, 446)",1
"(392, 310)",1
"(551, 343)",1
"(410, 454)",1
"(391, 572)",1
"(344, 453)",1
"(169, 132)",1
"(78, 301)",1
"(206, 119)",1
"(309, 163)",1
"(488, 278)",1
"(458, 329)",1
"(443, 300)",1
"(273, 529)",1
"(536, 284)",1
"(401, 517)",1
"(600, 474)",1
"(297, 475)",1
"(259, 411)",1
"(434, 316)",1
"(116, 188)",1
"(225, 219)",1
"(421, 282)",1
"(445, 363)",1
"(381, 274)",1
"(396, 277)",1
"(314, 382)",1
"(332, 401)",1
"(485, 308)",1
"(378, 518)",1
"(419, 257)",1
"(209, 125)",1
"(336, 381)",1
"(542, 414)",1
"(453, 423)",1
"(715, 337)",1
"(314, 534)",1
"(278, 531)",1
"(502, 321)",1
"(117, 188)",1
"(186, 192)",1
"(429, 302)",1
"(336, 579)",1
"(365, 344)",1
"(421, 358)",1
"(600, 371)",1
"(558, 433)",1
"(354, 351)",1
"(369, 453)",1
"(511, 383)",1
"(591, 440)",1
"(130, 226)",1
"(244, 258)",1
"(850, 283)",1
"(548, 427)",1
"(578, 436)",1
"(374, 346)",1
"(351, 399)",1
"(328, 517)",1
"(486, 424)",1
"(414, 392)",1
"(390, 414)",1
"(495, 682)",1
"(206, 121)",1
"(272, 231)",1
"(586, 420)",1
"(470, 393)",1
"(298, 508)",1
"(448, 575)",1
"(409, 307)",1
"(750, 262)",1
"(321, 530)",1
"(290, 402)",1
"(143, 212)",1
"(253, 190)",1
"(371, 476)",1
"(258, 450)",1
"(406, 383)",1
"(364, 391)",1
"(363, 351)",1
"(587, 395)",1
"(383, 658)",1
"(285, 452)",1
"(600, 214)",1
"(289, 442)",1
"(224, 154)",1
"(207, 265)",1
"(491, 289)",1
"(663, 361)",1
"(288, 576)",1
"(421, 294)",1
"(328, 425)",1
"(484, 380)",1
"(450, 363)",1
"(467, 405)",1
"(546, 341)",1
"(279, 443)",1
"(324, 162)",1
"(468, 528)",1
"(451, 408)",1
"(640, 375)",1
"(304, 433)",1
"(859, 644)",1
"(547, 426)",1
"(435, 303)",1
"(645, 405)",1
"(204, 255)",1
"(372, 189)",1
"(499, 330)",1
"(437, 432)",1
"(567, 362)",1
"(450, 429)",1
"(431, 441)",1
"(241, 510)",1
"(686, 299)",1
"(451, 415)",1
"(449, 480)",1
"(602, 1312)",1
"(178, 121)",1
"(196, 148)",1
"(223, 147)",1
"(256, 187)",1
"(491, 330)",1
"(583, 327)",1
"(392, 286)",1
"(474, 294)",1
"(428, 406)",1
"(451, 413)",1
"(523, 349)",1
"(512, 346)",1
"(248, 182)",1
"(434, 549)",1
"(445, 433)",1
"(226, 766)",1
"(571, 563)",1
"(495, 400)",1
"(634, 609)",1
"(584, 404)",1
"(397, 456)",1
"(673, 453)",1
"(487, 574)",1
"(293, 138)",1
"(170, 224)",1
"(538, 421)",1
"(687, 460)",1
"(376, 570)",1
"(391, 310)",1
"(330, 345)",1
"(356, 359)",1
"(780, 573)",1
"(436, 317)",1
"(342, 355)",1
"(292, 184)",1
"(259, 275)",1
"(716, 696)",1
"(332, 405)",1
"(361, 530)",1
"(490, 446)",1
"(372, 476)",1
"(427, 341)",1
"(449, 445)",1
"(274, 505)",1
"(489, 489)",1
"(546, 312)",1
"(208, 248)",1
"(539, 573)",1
"(763, 495)",1
"(592, 465)",1
"(725, 460)",1
"(341, 520)",1
"(437, 417)",1
"(639, 384)",1
"(345, 519)",1
"(209, 127)",1
"(101, 559)",1
"(494, 648)",1
"(404, 309)",1
"(525, 418)",1
"(350, 518)",1
"(424, 549)",1
"(415, 420)",1
"(524, 370)",1
"(720, 335)",1
"(400, 340)",1
"(204, 159)",1
"(220, 221)",1
"(337, 382)",1
"(418, 395)",1
"(657, 689)",1
"(555, 337)",1
"(759, 570)",1
"(554, 450)",1
"(437, 496)",1
"(548, 361)",1
"(222, 147)",1
"(285, 260)",1
"(350, 504)",1
"(351, 534)",1
"(437, 471)",1
"(406, 347)",1
"(640, 476)",1
"(371, 514)",1
"(593, 470)",1
"(356, 469)",1
"(728, 480)",1
"(592, 626)",1
"(225, 259)",1
"(191, 249)",1
"(566, 523)",1
"(598, 1000)",1
"(482, 512)",1
"(351, 438)",1
"(455, 360)",1
"(537, 511)",1
"(461, 708)",1
"(257, 693)",1
"(456, 419)",1
"(542, 553)",1
"(191, 193)",1
"(254, 205)",1
"(318, 474)",1
"(432, 644)",1
"(417, 505)",1
"(505, 354)",1
"(347, 454)",1
"(382, 422)",1
"(576, 317)",1
"(893, 543)",1
"(453, 446)",1
"(519, 487)",1
"(127, 114)",1
"(158, 247)",1
"(290, 145)",1
"(202, 203)",1
"(476, 362)",1
"(591, 549)",1
"(552, 435)",1
"(506, 500)",1
"(453, 280)",1
"(650, 735)",1
"(344, 484)",1
"(418, 491)",1
"(758, 591)",1
"(314, 637)",1
"(494, 446)",1
"(494, 560)",1
"(379, 382)",1
"(517, 512)",1
"(373, 346)",1
"(641, 438)",1
"(446, 425)",1
"(418, 593)",1
"(453, 604)",1
"(426, 460)",1
"(234, 161)",1
"(200, 252)",1
"(371, 649)",1
"(487, 579)",1
"(586, 317)",1
"(378, 481)",1
"(529, 411)",1
"(418, 556)",1
"(441, 551)",1
"(496, 366)",1
"(489, 474)",1
"(211, 170)",1
"(365, 199)",1
"(418, 603)",1
"(510, 462)",1
"(554, 433)",1
"(464, 362)",1
"(401, 422)",1
"(793, 366)",1
"(613, 312)",1
"(547, 371)",1
"(500, 586)",1
"(185, 201)",1
"(257, 166)",1
"(556, 330)",1
"(696, 438)",1
"(388, 493)",1
"(864, 457)",1
"(588, 668)",1
"(702, 480)",1
"(526, 626)",1
"(213, 170)",1
"(172, 316)",1
"(509, 369)",1
"(466, 493)",1
"(425, 548)",1
"(620, 495)",1
"(628, 398)",1
"(486, 379)",1
"(528, 492)",1
"(432, 494)",1
"(596, 576)",1
"(177, 233)",1
"(287, 244)",1
"(500, 390)",1
"(649, 404)",1
"(512, 421)",1
"(676, 625)",1
"(369, 442)",1
"(546, 475)",1
"(737, 648)",1
"(563, 568)",1
"(431, 720)",1
"(260, 138)",1
"(228, 192)",1
"(433, 393)",1
"(490, 430)",1
"(676, 568)",1
"(568, 591)",1
"(740, 516)",1
"(474, 392)",1
"(658, 552)",1
"(453, 600)",1
"(602, 318)",1
"(695, 625)",1
"(204, 275)",1
"(204, 280)",1
"(655, 486)",1
"(434, 672)",1
"(342, 735)",1
"(390, 503)",1
"(502, 405)",1
"(555, 392)",1
"(731, 550)",1
"(463, 353)",1
"(627, 499)",1
"(438, 570)",1
"(165, 268)",1
"(143, 345)",1
"(680, 392)",1
"(564, 412)",1
"(639, 414)",1
"(396, 426)",1
"(809, 512)",1
"(523, 556)",1
"(359, 659)",1
"(112, 154)",1
"(195, 161)",1
"(140, 211)",1
"(666, 500)",1
"(315, 544)",1
"(619, 626)",1
"(499, 566)",1
"(445, 446)",1
"(872, 800)",1
"(523, 565)",1
"(392, 625)",1
"(381, 445)",1
"(303, 225)",1
"(318, 172)",1
"(599, 454)",1
"(438, 560)",1
"(488, 643)",1
"(658, 472)",1
"(631, 481)",1
"(382, 554)",1
"(512, 603)",1
"(412, 754)",1
"(382, 550)",1
"(141, 214)",1
"(323, 337)",1
"(638, 323)",1
"(717, 400)",1
"(403, 616)",1
"(456, 682)",1
"(508, 395)",1
"(464, 400)",1
"(580, 544)",1
"(543, 330)",1
"(685, 410)",1
"(219, 201)",1
"(299, 146)",1
"(504, 340)",1
"(538, 510)",1
"(864, 524)",1
"(529, 690)",1
"(560, 392)",1
"(442, 580)",1
"(545, 405)",1
"(632, 631)",1
"(166, 160)",1
"(318, 312)",1
"(488, 598)",1
"(319, 671)",1
"(615, 619)",1
"(439, 511)",1
"(720, 462)",1
"(633, 426)",1
"(510, 500)",1
"(540, 504)",1
"(702, 359)",1
"(688, 370)",1
"(162, 240)",1
"(196, 235)",1
"(532, 564)",1
"(626, 626)",1
"(525, 374)",1
"(360, 621)",1
"(591, 466)",1
"(555, 400)",1
"(948, 313)",1
"(432, 562)",1
"(1200, 892)",1
"(264, 205)",1
"(196, 225)",1
"(557, 488)",1
"(366, 527)",1
"(600, 352)",1
"(802, 630)",1
"(558, 629)",1
"(645, 415)",1
"(596, 322)",1
"(527, 417)",1
"(641, 683)",1
"(740, 480)",1
"(214, 260)",1
"(438, 518)",1
"(470, 408)",1
"(496, 422)",1
"(414, 593)",1
"(499, 462)",1
"(616, 480)",1
"(611, 491)",1
"(784, 534)",1
"(546, 533)",1
"(283, 150)",1
"(279, 195)",1
"(393, 497)",1
"(486, 431)",1
"(369, 702)",1
"(535, 532)",1
"(635, 523)",1
"(565, 450)",1
"(563, 408)",1
"(642, 643)",1
"(800, 630)",1
"(409, 525)",1
"(203, 143)",1
"(226, 195)",1
"(941, 643)",1
"(625, 618)",1
"(876, 533)",1
"(463, 753)",1
"(823, 572)",1
"(533, 944)",1
"(798, 478)",1
"(560, 499)",1
"(558, 575)",1
"(439, 486)",1
"(192, 174)",1
"(138, 253)",1
"(257, 160)",1
"(295, 260)",1
"(254, 191)",1
"(538, 373)",1
"(507, 281)",1
"(418, 574)",1
"(453, 460)",1
"(476, 354)",1
"(753, 552)",1
"(555, 459)",1
"(833, 510)",1
"(277, 230)",1
"(500, 424)",1
"(431, 538)",1
"(398, 315)",1
"(310, 523)",1
"(370, 452)",1
"(389, 271)",1
"(664, 512)",1
"(346, 500)",1
"(393, 349)",1
"(197, 161)",1
"(222, 225)",1
"(422, 363)",1
"(418, 296)",1
"(509, 601)",1
"(551, 324)",1
"(481, 360)",1
"(439, 363)",1
"(500, 253)",1
"(538, 347)",1
"(708, 628)",1
"(159, 390)",1
"(182, 348)",1
"(464, 315)",1
"(569, 256)",1
"(622, 351)",1
"(484, 300)",1
"(605, 509)",1
"(473, 589)",1
"(455, 353)",1
"(341, 537)",1
"(343, 400)",1
"(215, 274)",1
"(373, 500)",1
"(510, 350)",1
"(390, 345)",1
"(376, 642)",1
"(537, 543)",1
"(481, 455)",1
"(450, 333)",1
"(293, 280)",1
"(461, 278)",1
"(336, 316)",1
"(460, 541)",1
"(497, 385)",1
"(538, 432)",1
"(396, 332)",1
"(466, 640)",1
"(667, 720)",1
"(451, 400)",1
"(450, 319)",1
"(180, 162)",1
"(194, 394)",1
"(254, 792)",1
"(592, 342)",1
"(748, 590)",1
"(547, 374)",1
"(450, 322)",1
"(380, 615)",1
"(587, 444)",1
"(412, 281)",1
"(478, 365)",1
"(485, 342)",1
"(145, 314)",1
"(275, 550)",1
"(323, 577)",1
"(336, 422)",1
"(416, 280)",1
"(450, 560)",1
"(716, 499)",1
"(593, 441)",1
"(634, 535)",1
"(233, 138)",1
"(323, 184)",1
"(554, 360)",1
"(538, 444)",1
"(263, 784)",1
"(508, 854)",1
"(979, 850)",1
"(596, 382)",1
"(453, 313)",1
"(557, 427)",1
"(345, 264)",1
"(161, 338)",1
"(436, 480)",1
"(427, 601)",1
"(402, 401)",1
"(699, 480)",1
"(530, 480)",1
"(420, 281)",1
"(442, 375)",1
"(560, 434)",1
"(548, 495)",1
"(444, 302)",1
"(289, 195)",1
"(142, 249)",1
"(299, 252)",1
"(499, 387)",1
"(511, 312)",1
"(500, 383)",1
"(404, 299)",1
"(130, 184)",1
"(274, 283)",1
"(581, 581)",1
"(415, 438)",1
"(529, 379)",1
"(404, 353)",1
"(580, 360)",1
"(588, 481)",1
"(433, 400)",1
"(227, 212)",1
"(440, 319)",1
"(333, 403)",1
"(404, 406)",1
"(900, 506)",1
"(500, 419)",1
"(500, 495)",1
"(267, 471)",1
"(260, 555)",1
"(454, 633)",1
"(487, 448)",1
"(166, 155)",1
"(352, 255)",1
"(597, 484)",1
"(474, 374)",1
"(480, 400)",1
"(373, 628)",1
"(469, 426)",1
"(346, 448)",1
"(669, 363)",1
"(724, 492)",1
"(253, 273)",1
"(335, 194)",1
"(351, 510)",1
"(574, 535)",1
"(473, 319)",1
"(855, 692)",1
"(398, 333)",1
"(766, 675)",1
"(530, 299)",1
"(432, 387)",1
"(192, 245)",1
"(238, 200)",1
"(408, 438)",1
"(614, 420)",1
"(618, 354)",1
"(619, 535)",1
"(567, 413)",1
"(534, 535)",1
"(168, 182)",1
"(318, 159)",1
"(533, 365)",1
"(472, 357)",1
"(562, 370)",1
"(580, 406)",1
"(339, 534)",1
"(359, 462)",1
"(318, 447)",1
"(471, 313)",1
"(450, 480)",1
"(517, 427)",1
"(255, 146)",1
"(228, 198)",1
"(500, 558)",1
"(422, 592)",1
"(500, 508)",1
"(771, 800)",1
"(500, 393)",1
"(874, 535)",1
"(472, 334)",1
"(437, 493)",1
"(273, 544)",1
"(270, 230)",1
"(229, 280)",1
"(384, 872)",1
"(380, 580)",1
"(353, 510)",1
"(441, 306)",1
"(366, 410)",1
"(245, 685)",1
"(384, 667)",1
"(476, 567)",1
"(105, 185)",1
"(276, 181)",1
"(463, 378)",1
"(438, 351)",1
"(408, 462)",1
"(500, 358)",1
"(500, 749)",1
"(374, 747)",1
"(506, 450)",1
"(479, 388)",1
"(525, 375)",1
"(194, 288)",1
"(240, 167)",1
"(331, 191)",1
"(260, 253)",1
"(408, 314)",1
"(548, 450)",1
"(449, 704)",1
"(351, 483)",1
"(462, 563)",1
"(565, 549)",1
"(505, 410)",1
"(500, 453)",1
"(425, 326)",1
"(500, 466)",1
"(210, 352)",1
"(489, 335)",1
"(765, 506)",1
"(511, 353)",1
"(445, 536)",1
"(610, 483)",1
"(441, 407)",1
"(500, 357)",1
"(517, 291)",1
"(149, 359)",1
"(297, 256)",1
"(595, 423)",1
"(398, 628)",1
"(642, 560)",1
"(363, 581)",1
"(442, 357)",1
"(455, 375)",1
"(551, 396)",1
"(350, 427)",1
"(353, 750)",1
"(500, 342)",1
"(302, 261)",1
"(600, 636)",1
"(334, 556)",1
"(513, 399)",1
"(332, 519)",1
"(470, 361)",1
"(517, 415)",1
"(604, 850)",1
"(661, 480)",1
"(489, 526)",1
"(86, 239)",1
"(307, 252)",1
"(498, 402)",1
"(500, 337)",1
"(639, 419)",1
"(499, 305)",1
"(298, 510)",1
"(525, 433)",1
"(309, 740)",1
"(662, 382)",1
"(688, 520)",1
"(263, 272)",1
"(284, 224)",1
"(397, 410)",1
"(332, 556)",1
"(317, 666)",1
"(491, 750)",1
"(980, 850)",1
"(500, 310)",1
"(549, 295)",1
"(602, 462)",1
"(294, 875)",1
"(149, 123)",1
"(282, 254)",1
"(551, 778)",1
"(653, 588)",1
"(500, 401)",1
"(466, 510)",1
"(500, 489)",1
"(627, 508)",1
"(434, 484)",1
"(442, 564)",1
"(617, 445)",1
"(531, 462)",1
"(208, 197)",1
"(263, 240)",1
"(769, 850)",1
"(668, 410)",1
"(500, 718)",1
"(562, 450)",1
"(607, 423)",1
"(558, 635)",1
"(151, 231)",1
"(363, 350)",1
"(521, 480)",1
"(584, 362)",1
"(452, 486)",1
"(504, 423)",1
"(639, 407)",1
"(460, 334)",1
"(452, 364)",1
"(414, 962)",1
"(815, 741)",1
"(753, 438)",1
"(367, 247)",1
"(208, 226)",1
"(666, 451)",1
"(566, 533)",1
"(500, 485)",1
"(278, 690)",1
"(444, 712)",1
"(564, 399)",1
"(573, 536)",1
"(556, 427)",1
"(164, 262)",1
"(225, 268)",1
"(309, 193)",1
"(191, 375)",1
"(353, 476)",1
"(550, 397)",1
"(527, 630)",1
"(766, 535)",1
"(259, 637)",1
"(500, 738)",1
"(425, 674)",1
"(379, 474)",1
"(371, 628)",1
"(462, 438)",1
"(148, 200)",1
"(240, 205)",1
"(486, 332)",1
"(576, 402)",1
"(394, 832)",1
"(614, 347)",1
"(440, 750)",1
"(422, 408)",1
"(460, 561)",1
"(850, 850)",1
"(489, 325)",1
"(254, 399)",1
"(179, 451)",1
"(647, 383)",1
"(267, 674)",1
"(479, 750)",1
"(472, 497)",1
"(440, 396)",1
"(712, 376)",1
"(642, 364)",1
"(428, 624)",1
"(466, 310)",1
"(244, 211)",1
"(184, 349)",1
"(581, 762)",1
"(736, 620)",1
"(500, 615)",1
"(535, 426)",1
"(510, 326)",1
"(435, 478)",1
"(676, 469)",1
"(464, 354)",1
"(416, 338)",1
"(560, 504)",1
"(131, 185)",1
"(485, 666)",1
"(508, 498)",1
"(457, 503)",1
"(393, 897)",1
"(334, 587)",1
"(566, 390)",1
"(539, 342)",1
"(500, 493)",1
"(609, 823)",1
"(500, 331)",1
"(369, 299)",1
"(300, 248)",1
"(588, 475)",1
"(496, 427)",1
"(528, 437)",1
"(519, 534)",1
"(587, 731)",1
"(600, 481)",1
"(295, 804)",1
"(481, 487)",1
"(477, 607)",1
"(409, 676)",1
"(181, 118)",1
"(209, 224)",1
"(481, 1132)",1
"(645, 440)",1
"(410, 540)",1
"(480, 894)",1
"(689, 529)",1
"(574, 380)",1
"(481, 470)",1
"(499, 503)",1
"(834, 535)",1
"(366, 360)",1
"(489, 510)",1
"(563, 393)",1
"(528, 466)",1
"(672, 659)",1
"(611, 575)",1
"(499, 333)",1
"(471, 346)",1
"(594, 560)",1
"(492, 368)",1
"(175, 131)",1
"(643, 360)",1
"(777, 584)",1
"(720, 486)",1
"(593, 398)",1
"(631, 405)",1
"(492, 440)",1
"(513, 469)",1
"(505, 515)",1
"(531, 382)",1
"(233, 201)",1
"(424, 522)",1
"(508, 639)",1
"(607, 387)",1
"(634, 637)",1
"(307, 700)",1
"(500, 752)",1
"(604, 608)",1
"(577, 592)",1
"(384, 580)",1
"(179, 272)",1
"(268, 236)",1
"(161, 277)",1
"(225, 223)",1
"(392, 681)",1
"(500, 632)",1
"(572, 429)",1
"(487, 336)",1
"(434, 441)",1
"(542, 350)",1
"(507, 900)",1
"(479, 753)",1
"(556, 395)",1
"(640, 397)",1
"(182, 113)",1
"(321, 376)",1
"(599, 390)",1
"(686, 436)",1
"(500, 700)",1
"(537, 576)",1
"(474, 320)",1
"(422, 455)",1
"(501, 533)",1
"(565, 628)",1
"(404, 365)",1
"(236, 417)",1
"(588, 511)",1
"(906, 960)",1
"(383, 557)",1
"(504, 826)",1
"(653, 451)",1
"(762, 565)",1
"(718, 610)",1
"(472, 584)",1
"(639, 522)",1
"(136, 205)",1
"(274, 260)",1
"(609, 900)",1
"(519, 579)",1
"(517, 1200)",1
"(458, 723)",1
"(390, 751)",1
"(573, 721)",1
"(366, 583)",1
"(513, 768)",1
"(1005, 675)",1
"(793, 535)",1
"(154, 200)",1
"(400, 266)",1
"(500, 597)",1
"(500, 620)",1
"(671, 658)",1
"(438, 659)",1
"(663, 807)",1
"(629, 556)",1
"(730, 435)",1
"(617, 471)",1
"(340, 398)",1
"(428, 735)",1
"(493, 459)",1
"(569, 534)",1
"(574, 432)",1
"(834, 687)",1
"(437, 420)",1
"(732, 668)",1
"(620, 363)",1
"(509, 614)",1
"(642, 485)",1
"(135, 204)",1
"(328, 480)",1
"(454, 553)",1
"(600, 550)",1
"(500, 614)",1
"(769, 551)",1
"(474, 588)",1
"(736, 736)",1
"(610, 602)",1
"(608, 500)",1
"(418, 672)",1
"(592, 438)",1
"(311, 321)",1
"(406, 398)",1
"(544, 784)",1
"(743, 726)",1
"(523, 422)",1
"(654, 504)",1
"(661, 587)",1
"(569, 634)",1
"(629, 509)",1
"(345, 837)",1
"(165, 183)",1
"(217, 398)",1
"(538, 671)",1
"(697, 413)",1
"(640, 516)",1
"(655, 667)",1
"(500, 507)",1
"(655, 445)",1
"(624, 586)",1
"(720, 711)",1
"(578, 819)",1
"(120, 233)",1
"(413, 542)",1
"(474, 691)",1
"(724, 520)",1
"(896, 484)",1
"(611, 800)",1
"(680, 530)",1
"(633, 677)",1
"(571, 379)",1
"(745, 480)",1
"(704, 630)",1
"(110, 227)",1
"(263, 386)",1
"(335, 247)",1
"(199, 500)",1
"(720, 576)",1
"(784, 519)",1
"(597, 596)",1
"(340, 854)",1
"(749, 533)",1
"(768, 648)",1
"(403, 890)",1
"(502, 577)",1
"(416, 263)",1
"(643, 806)",1
"(686, 498)",1
"(606, 427)",1
"(558, 372)",1
"(870, 611)",1
"(648, 486)",1
"(669, 475)",1
"(666, 1000)",1
"(538, 900)",1
"(504, 1114)",1
"(203, 235)",1
"(243, 175)",1
"(669, 565)",1
"(720, 720)",1
"(565, 753)",1
"(767, 813)",1
"(467, 656)",1
"(968, 700)",1
"(546, 441)",1
"(654, 533)",1
"(768, 621)",1
"(920, 765)",1
"(131, 251)",1
"(340, 306)",1
"(445, 982)",1
"(525, 961)",1
"(540, 509)",1
"(500, 565)",1
"(1300, 1300)",1
"(808, 512)",1
"(736, 552)",1
"(845, 605)",1
"(714, 815)",1
"(456, 846)",1
"(304, 227)",1
"(535, 900)",1
"(507, 893)",1
"(720, 534)",1
"(740, 569)",1
"(407, 900)",1
"(584, 858)",1
"(558, 449)",1
"(591, 915)",1
"(394, 772)",1
"(790, 585)",1
"(348, 248)",1
"(265, 240)",1
"(678, 679)",1
"(822, 681)",1
"(596, 900)",1
"(501, 675)",1
"(726, 554)",1
"(767, 646)",1
"(854, 577)",1
"(784, 681)",1
"(609, 597)",1
"(808, 620)",1
"(370, 422)",1
"(497, 896)",1
"(708, 467)",1
"(481, 890)",1
"(471, 900)",1
"(518, 624)",1
"(679, 810)",1
"(532, 729)",1
"(703, 537)",1
"(581, 536)",1
"(600, 841)",1
"(213, 357)",1
"(232, 277)",1
"(590, 906)",1
"(541, 460)",1
"(932, 770)",1
"(590, 1024)",1
"(432, 714)",1
"(590, 696)",1
"(443, 640)",1
"(680, 716)",1
"(1000, 888)",1
"(134, 162)",1
"(295, 359)",1
"(1000, 439)",1
"(785, 547)",1
"(810, 940)",1
"(1049, 578)",1
"(929, 741)",1
"(411, 823)",1
"(800, 512)",1
"(783, 504)",1
"(562, 560)",1
"(161, 278)",1
"(511, 511)",1
"(848, 611)",1
"(621, 960)",1
"(892, 720)",1
"(941, 758)",1
"(506, 823)",1
"(688, 486)",1
"(664, 700)",1
"(750, 422)",1
"(949, 740)",1
"(189, 289)",1
"(365, 202)",1
"(250, 432)",1
"(819, 437)",1
"(588, 553)",1
"(669, 550)",1
"(549, 650)",1
"(500, 746)",1
"(797, 800)",1
"(691, 589)",1
"(647, 477)",1
"(852, 957)",1
"(614, 893)",1
"(134, 315)",1
"(251, 236)",1
"(774, 518)",1
"(879, 510)",1
"(794, 539)",1
"(720, 730)",1
"(500, 566)",1
"(715, 480)",1
"(639, 824)",1
"(771, 574)",1
"(499, 1081)",1
"(582, 946)",1
"(282, 335)",1
"(285, 267)",1
"(665, 845)",1
"(553, 455)",1
"(425, 654)",1
"(765, 558)",1
"(720, 1080)",1
"(443, 1162)",1
"(717, 510)",1
"(456, 702)",1
"(788, 480)",1
"(519, 516)",1
"(139, 174)",1
"(315, 423)",1
"(920, 590)",1
"(1203, 720)",1
"(709, 488)",1
"(736, 903)",1
"(576, 850)",1
"(800, 714)",1
"(758, 599)",1
"(848, 654)",1
"(653, 567)",1
"(883, 716)",1
"(312, 324)",1
"(198, 400)",1
"(1007, 720)",1
"(633, 633)",1
"(665, 512)",1
"(914, 438)",1
"(700, 562)",1
"(516, 1050)",1
"(743, 600)",1
"(599, 900)",1
"(577, 779)",1
"(655, 826)",1
"(376, 212)",1
"(199, 308)",1
"(823, 1100)",1
"(424, 836)",1
"(613, 984)",1
"(922, 976)",1
"(579, 1040)",1
"(700, 720)",1
"(709, 986)",1
"(727, 675)",1
"(659, 720)",1
"(237, 168)",1
"(301, 500)",1
"(643, 726)",1
"(553, 647)",1
"(720, 900)",1
"(784, 700)",1
"(860, 720)",1
"(728, 620)",1
"(673, 813)",1
"(876, 1258)",1
"(668, 665)",1
"(1102, 1004)",1
"(140, 200)",1
"(232, 300)",1
"(1071, 736)",1
"(776, 914)",1
"(1002, 930)",1
"(944, 897)",1
"(719, 702)",1
"(1226, 956)",1
"(746, 778)",1
"(717, 683)",1
"(854, 1685)",1
"(793, 522)",1
"(162, 296)",1
"(374, 481)",1
"(1046, 1167)",1
"(777, 1080)",1
"(822, 535)",1
"(691, 687)",1
"(758, 517)",1
"(824, 1305)",1
"(1060, 720)",1
"(847, 611)",1
"(706, 598)",1
"(1150, 1100)",1
"(134, 314)",1
"(394, 276)",1
"(750, 750)",1
"(879, 584)",1
"(738, 657)",1
"(753, 800)",1
"(761, 521)",1
"(730, 856)",1
"(718, 957)",1
"(747, 1200)",1
"(873, 627)",1
"(526, 812)",1
"(214, 198)",1
"(364, 278)",1
"(279, 359)",1
"(240, 500)",1
"(718, 811)",1
"(627, 785)",1
"(786, 598)",1
"(734, 939)",1
"(667, 959)",1
"(712, 754)",1
"(497, 1541)",1
"(771, 514)",1
"(900, 756)",1
"(722, 691)",1
"(800, 1180)",1
"(1071, 697)",1
"(673, 627)",1
"(676, 515)",1
"(874, 628)",1
"(801, 654)",1
"(674, 804)",1
"(570, 961)",1
"(644, 761)",1
"(412, 332)",1
"(233, 252)",1
"(798, 545)",1
"(1024, 609)",1
"(638, 682)",1
"(762, 520)",1
"(946, 624)",1
"(798, 660)",1
"(1024, 542)",1
"(866, 628)",1
"(700, 670)",1
"(120, 187)",1
"(237, 308)",1
"(1007, 767)",1
"(899, 693)",1
"(845, 825)",1
"(956, 730)",1
"(579, 1216)",1
"(960, 876)",1
"(789, 665)",1
"(1013, 768)",1
"(570, 900)",1
"(701, 700)",1
"(109, 177)",1
"(146, 313)",1
"(1178, 788)",1
"(1077, 673)",1
"(1956, 2000)",1
"(1067, 944)",1
"(1500, 1333)",1
"(736, 630)",1
"(1136, 1371)",1
"(736, 1110)",1
"(847, 1210)",1
"(849, 663)",1
"(166, 176)",1
"(371, 432)",1
"(885, 1145)",1
"(742, 549)",1
"(850, 528)",1
"(656, 710)",1
"(973, 768)",1
"(1500, 1311)",1
"(714, 633)",1
"(785, 667)",1
"(622, 1200)",1
"(709, 1022)",1
"(324, 250)",1
"(1029, 839)",1
"(735, 1253)",1
"(972, 576)",1
"(1024, 857)",1
"(620, 1080)",1
"(494, 884)",1
"(1165, 1411)",1
"(870, 714)",1
"(499, 853)",1
"(988, 1087)",1
"(109, 287)",1
"(260, 203)",1
"(1300, 883)",1
"(1042, 720)",1
"(928, 662)",1
"(951, 664)",1
"(1022, 628)",1
"(941, 564)",1
"(897, 740)",1
"(959, 836)",1
"(500, 873)",1
"(777, 786)",1
"(478, 348)",1
"(250, 256)",1
"(829, 624)",1
"(820, 720)",1
"(471, 1232)",1
"(759, 530)",1
"(620, 1037)",1
"(765, 1164)",1
"(494, 1489)",1
"(891, 628)",1
"(954, 844)",1
"(1000, 1242)",1
"(327, 350)",1
"(979, 797)",1
"(814, 814)",1
"(1300, 741)",1
"(652, 869)",1
"(761, 908)",1
"(576, 900)",1
"(800, 1600)",1
"(857, 660)",1
"(818, 697)",1
"(1411, 973)",1
"(215, 198)",1
"(172, 355)",1
"(138, 163)",1
"(123, 360)",1
"(614, 749)",1
"(896, 747)",1
"(1065, 891)",1
"(956, 857)",1
"(874, 960)",1
"(1127, 767)",1
"(912, 1020)",1
"(856, 980)",1
"(930, 1203)",1
"(1025, 1000)",1
"(577, 312)",1
"(201, 290)",1
"(790, 729)",1
"(735, 929)",1
"(721, 886)",1
"(1218, 746)",1
"(884, 1210)",1
"(801, 1233)",1
"(521, 1158)",1
"(969, 930)",1
"(1302, 1168)",1
"(181, 140)",1
"(392, 209)",1
"(1496, 896)",1
"(903, 716)",1
"(1311, 1200)",1
"(586, 1576)",1
"(842, 576)",1
"(854, 1361)",1
"(686, 1024)",1
"(796, 1138)",1
"(1416, 883)",1
"(816, 628)",1
"(1196, 841)",1
"(1094, 853)",1
"(1094, 905)",1
"(997, 1415)",1
"(1057, 813)",1
"(1065, 1700)",1
"(842, 1390)",1
"(1078, 732)",1
"(780, 678)",1
"(1048, 681)",1
"(243, 244)",1
"(755, 1280)",1
"(1080, 1047)",1
"(950, 876)",1
"(1169, 911)",1
"(1017, 524)",1
"(1040, 657)",1
"(1067, 1441)",1
"(974, 585)",1
"(591, 1093)",1
"(706, 1112)",1
"(181, 141)",1
"(334, 263)",1
"(1269, 822)",1
"(1248, 896)",1
"(893, 862)",1
"(927, 768)",1
"(1130, 723)",1
"(1082, 827)",1
"(821, 1272)",1
"(900, 676)",1
"(369, 265)",1
"(228, 327)",1
"(936, 592)",1
"(922, 1186)",1
"(1106, 733)",1
"(1083, 768)",1
"(972, 718)",1
"(787, 683)",1
"(812, 1324)",1
"(1114, 892)",1
"(2121, 732)",1
"(1181, 817)",1
"(184, 254)",1
"(2400, 1662)",1
"(804, 1545)",1
"(834, 903)",1
"(945, 811)",1
"(1612, 1357)",1
"(753, 654)",1
"(1068, 1080)",1
"(993, 865)",1
"(1200, 902)",1
"(976, 852)",1
"(260, 179)",1
"(230, 294)",1
"(837, 720)",1
"(1314, 933)",1
"(1024, 947)",1
"(927, 1297)",1
"(899, 1600)",1
"(875, 1182)",1
"(1077, 1540)",1
"(1072, 1200)",1
"(844, 1380)",1
"(1580, 1200)",1
"(190, 214)",1
"(396, 289)",1
"(1239, 973)",1
"(980, 678)",1
"(2115, 1001)",1
"(849, 1227)",1
"(900, 1067)",1
"(948, 806)",1
"(1211, 787)",1
"(1326, 838)",1
"(1196, 851)",1
"(246, 169)",1
"(209, 182)",1
"(179, 90)",1
"(263, 256)",1
"(984, 918)",1
"(1289, 1200)",1
"(841, 1527)",1
"(1261, 1136)",1
"(796, 1280)",1
"(1008, 786)",1
"(918, 1333)",1
"(957, 1213)",1
"(1790, 1099)",1
"(729, 1002)",1
"(267, 241)",1
"(410, 345)",1
"(833, 1220)",1
"(996, 746)",1
"(920, 1088)",1
"(800, 905)",1
"(1080, 1327)",1
"(818, 1390)",1
"(1351, 942)",1
"(1189, 829)",1
"(713, 1345)",1
"(312, 179)",1
"(348, 371)",1
"(1126, 720)",1
"(1220, 933)",1
"(969, 909)",1
"(2219, 1707)",1
"(921, 1414)",1
"(1184, 1137)",1
"(1334, 1440)",1
"(1022, 895)",1
"(1114, 916)",1
"(174, 386)",1
"(338, 379)",1
"(1920, 1628)",1
"(970, 678)",1
"(1505, 1329)",1
"(1026, 1182)",1
"(1282, 1237)",1
"(853, 1280)",1
"(1128, 1140)",1
"(788, 1062)",1
"(1372, 1200)",1
"(1147, 1008)",1
"(382, 218)",1
"(249, 213)",1
"(1544, 1278)",1
"(1206, 1064)",1
"(1198, 1100)",1
"(1277, 939)",1
"(1147, 1040)",1
"(724, 1211)",1
"(1279, 905)",1
"(1346, 1145)",1
"(1229, 1022)",1
"(291, 277)",1
"(310, 238)",1
"(1053, 1581)",1
"(1517, 1248)",1
"(1682, 1414)",1
"(868, 1260)",1
"(1506, 1280)",1
"(1607, 783)",1
"(1801, 1131)",1
"(1305, 1443)",1
"(851, 1667)",1
"(997, 1126)",1
"(345, 457)",1
"(253, 194)",1
"(1599, 2560)",1
"(1781, 1342)",1
"(1423, 1280)",1
"(1341, 838)",1
"(871, 1166)",1
"(1205, 1573)",1
"(1528, 1479)",1
"(1615, 1341)",1
"(1510, 1352)",1
"(1228, 2560)",1
"(408, 400)",1
"(260, 260)",1
"(1435, 1357)",1
"(1453, 1206)",1
"(2027, 1738)",1
"(1349, 1519)",1
"(1961, 1298)",1
"(1600, 867)",1
"(1559, 1072)",1
"(1974, 2354)",1
"(1732, 1493)",1
"(342, 328)",1
"(230, 283)",1
"(1517, 1280)",1
"(1432, 1595)",1
"(1117, 1632)",1
"(1870, 1369)",1
"(1206, 1600)",1
"(1228, 1406)",1
"(1577, 1017)",1
"(1778, 1347)",1
"(1191, 1324)",1
"(274, 247)",1
"(240, 260)",1
"(1308, 2840)",1
"(1185, 993)",1
"(2043, 1173)",1
"(1506, 1600)",1
"(1569, 1100)",1
"(1321, 1365)",1
"(1116, 1094)",1
"(1429, 1267)",1
"(1752, 1365)",1
"(2037, 1689)",1
"(209, 100)",1
"(205, 257)",1
"(101, 222)",1
"(204, 219)",1
"(159, 230)",1
"(1498, 1165)",1
"(1855, 1287)",1
"(1639, 1896)",1
"(1979, 1518)",1
"(1930, 1506)",1
"(1821, 2880)",1
"(2340, 2048)",1
"(1865, 1185)",1
"(2133, 1308)",1
"(202, 158)",1
"(341, 233)",1
"(2574, 1709)",1
"(2192, 1921)",1
"(1959, 2257)",1
"(1695, 1308)",1
"(1648, 1590)",1
"(1960, 2477)",1
"(1448, 2265)",1
"(2414, 1580)",1
"(1853, 1736)",1
"(170, 286)",1
"(360, 334)",1
"(2032, 2162)",1
"(2492, 2500)",1
"(3253, 2450)",1
"(2244, 1960)",1
"(2099, 1409)",1
"(2080, 1807)",1
"(1871, 2556)",1
"(2560, 1706)",1
"(2193, 1324)",1
"(2742, 1616)",1
"(281, 239)",1
"(421, 360)",1
"(2535, 2667)",1
"(2283, 1682)",1
"(2010, 1204)",1
"(5245, 3272)",1
"(2656, 3593)",1
"(3152, 2290)",1
"(2858, 2580)",1
"(2141, 3802)",1
"(1489, 2492)",1
"(1979, 2234)",1
"(384, 260)",1
"(220, 441)",1
"(1922, 2454)",1
"(2595, 3392)",1
"(2165, 1510)",1
"(2822, 4416)",1
"(2538, 3424)",1
"(2638, 3557)",1
"(2418, 2589)",1
"(3929, 2522)",1
"(3013, 2334)",1
"(4016, 5841)",1
"(202, 170)",1
"(311, 255)",1
"(2422, 2263)",1
"(4594, 3888)",1
"(2429, 4657)",1
"(3170, 4957)",1
"(2876, 4898)",1
"(3328, 5740)",1
"(3368, 5983)",1
"(5203, 3101)",1
"(3704, 4458)",1
"(2942, 4658)",1
"(472, 397)",1
"(235, 231)",1
"(3409, 5437)",1
"(4256, 4035)",1
"(4538, 3443)",1
"(4580, 3357)",1
"(3368, 4974)",1
"(171, 146)",1
"(176, 277)",1
"(365, 694)",1
"(247, 261)",1
"(217, 198)",1
"(174, 273)",1
"(346, 390)",1
"(234, 261)",1
"(342, 310)",1
"(375, 350)",1
"(364, 260)",1
"(296, 188)",1
"(352, 274)",1
"(328, 360)",1
"(156, 139)",1
"(316, 267)",1
"(276, 202)",1
"(294, 212)",1
"(447, 280)",1
"(178, 465)",1
"(398, 335)",1
"(308, 246)",1
"(147, 121)",1
"(234, 175)",1
"(133, 286)",1
"(264, 243)",1
"(162, 167)",1
"(215, 365)",1
"(222, 152)",1
"(197, 231)",1
"(397, 403)",1
"(182, 459)",1
"(344, 522)",1
"(232, 237)",1
"(318, 289)",1
"(163, 155)",1
"(270, 219)",1
"(437, 221)",1
"(197, 343)",1
"(472, 339)",1
"(170, 372)",1
"(359, 310)",1
"(279, 317)",1
"(136, 203)",1
"(164, 328)",1
"(532, 318)",1
"(317, 233)",1
"(199, 217)",1
"(204, 149)",1
"(261, 245)",1
"(193, 210)",1
"(281, 254)",1
"(232, 246)",1
"(318, 400)",1
"(426, 283)",1
"(652, 683)",1
"(249, 332)",1
"(684, 618)",1
"(301, 263)",1
"(137, 167)",1
"(337, 181)",1
"(217, 384)",1
"(234, 189)",1
"(699, 1645)",1
"(279, 273)",1
"(401, 640)",1
"(174, 223)",1
"(257, 250)",1
"(667, 1628)",1
"(287, 177)",1
"(1676, 1222)",1
"(270, 197)",1
"(1180, 1417)",1
"(328, 492)",1
"(919, 992)",1
"(306, 280)",1
"(1261, 1112)",1
"(300, 209)",1
"(196, 198)",1
"(264, 306)",1
"(177, 123)",1
"(177, 223)",1
"(331, 309)",1
"(1732, 2573)",1
"(202, 350)",1
"(1119, 1200)",1
"(344, 236)",1
"(1451, 2017)",1
"(247, 274)",1
"(462, 387)",1
"(343, 280)",1
"(187, 340)",1
"(345, 359)",1
"(886, 1441)",1
"(209, 281)",1
"(189, 320)",1
"(121, 270)",1
"(259, 224)",1
"(3820, 3700)",1
"(228, 223)",1
"(304, 192)",1
"(2968, 2032)",1
"(3257, 2038)",1
"(338, 281)",1
"(3252, 2038)",1
"(1164, 757)",1
"(290, 204)",1
"(1015, 1359)",1
"(182, 339)",1
"(3605, 3457)",1
"(273, 244)",1
"(141, 172)",1
"(264, 255)",1
"(4313, 2715)",1
"(573, 413)",1
"(3516, 4462)",1
"(337, 365)",1
"(3580, 2522)",1
"(176, 350)",1
"(140, 337)",1
"(2445, 4645)",1
"(295, 190)",1
"(222, 196)",1
"(4238, 3059)",1
"(287, 228)",1
"(4586, 3359)",1
"(324, 247)",1
"(3899, 3289)",1
"(254, 247)",1
"(147, 243)",1
"(224, 229)",1
"(204, 168)",1
"(167, 331)",1
"(189, 152)",1
"(216, 364)",1
"(245, 184)",1
"(305, 238)",1
"(174, 385)",1
"(374, 273)",1
"(102, 222)",1
"(230, 303)",1
"(203, 217)",1
"(254, 298)",1
"(255, 228)",1
"(245, 185)",1
"(224, 343)",1
"(301, 359)",1
"(295, 191)",1
"(218, 197)",1
"(273, 226)",1
"(213, 231)",1
"(491, 156)",1
"(293, 218)",1
"(168, 238)",1
"(252, 159)",1
"(336, 564)",1
"(203, 165)",1
"(170, 220)",1
"(172, 241)",1
"(301, 280)",1
"(237, 151)",1
"(328, 241)",1
"(169, 238)",1
"(212, 322)",1
"(207, 199)",1
"(148, 373)",1
"(152, 280)",1
"(235, 300)",1
"(167, 265)",1
"(194, 339)",1
"(206, 199)",1
"(126, 196)",1
"(374, 261)",1
"(258, 160)",1
"(296, 350)",1
"(285, 147)",1
"(184, 371)",1
"(145, 200)",1
"(81, 312)",1
"(310, 270)",1
"(261, 212)",1
"(255, 269)",1
"(233, 180)",1
"(306, 173)",1
"(218, 316)",1
"(436, 251)",1
"(198, 139)",1
"(303, 178)",1
"(254, 275)",1
"(386, 263)",1
"(214, 375)",1
"(213, 340)",1
"(358, 241)",1
"(129, 213)",1
"(311, 334)",1
"(149, 162)",1
"(227, 153)",1
"(171, 214)",1
"(265, 229)",1
"(227, 154)",1
"(231, 255)",1
"(317, 327)",1
"(226, 203)",1
"(319, 212)",1
"(260, 553)",1
"(259, 346)",1
"(207, 240)",1
"(336, 280)",1
"(194, 226)",1
"(249, 290)",1
"(151, 271)",1
"(248, 276)",1
"(222, 200)",1
"(343, 349)",1
"(129, 140)",1
"(198, 280)",1
"(362, 292)",1
"(397, 276)",1
"(154, 212)",1
"(280, 226)",1
"(205, 326)",1
"(217, 397)",1
"(219, 154)",1
"(413, 244)",1
"(185, 274)",1
"(427, 360)",1
"(212, 224)",1
"(285, 232)",1
"(208, 280)",1
"(405, 427)",1
"(260, 190)",1
"(331, 316)",1
"(533, 480)",1
"(265, 258)",1
"(261, 240)",1
"(417, 227)",1
"(265, 161)",1
"(332, 236)",1
"(239, 240)",1
"(341, 310)",1
"(135, 299)",1
"(245, 312)",1
"(168, 280)",1
"(298, 330)",1
"(295, 157)",1
"(269, 239)",1
"(267, 205)",1
"(268, 208)",1
"(223, 364)",1
"(291, 191)",1
"(290, 156)",1
"(335, 235)",1
"(210, 246)",1
"(374, 220)",1
"(211, 263)",1
"(254, 211)",1
"(226, 260)",1
"(274, 153)",1
"(384, 309)",1
"(175, 195)",1
"(412, 325)",1
"(252, 275)",1
"(223, 300)",1
"(284, 197)",1
"(366, 337)",1
"(181, 340)",1
"(375, 180)",1
"(297, 335)",1
"(565, 381)",1
"(212, 262)",1
"(226, 234)",1
"(184, 280)",1
"(443, 360)",1
"(225, 212)",1
"(405, 206)",1
"(260, 250)",1
"(209, 308)",1
"(262, 301)",1
"(186, 311)",1
"(190, 264)",1
"(218, 340)",1
"(404, 333)",1
"(127, 264)",1
"(416, 392)",1
"(500, 309)",1
"(312, 413)",1
"(162, 268)",1
"(199, 471)",1
"(326, 250)",1
"(284, 169)",1
"(300, 286)",1
"(222, 280)",1
"(275, 289)",1
"(392, 204)",1
"(357, 212)",1
"(221, 280)",1
"(279, 261)",1
"(438, 236)",1
"(287, 249)",1
"(199, 235)",1
"(240, 157)",1
"(346, 405)",1
"(377, 400)",1
"(214, 304)",1
"(269, 280)",1
"(289, 231)",1
"(224, 256)",1
"(191, 585)",1
"(199, 474)",1
"(258, 500)",1
"(330, 280)",1
"(274, 365)",1
"(233, 318)",1
"(246, 306)",1
"(316, 350)",1
"(216, 268)",1
"(374, 319)",1
"(357, 246)",1
"(272, 233)",1
"(186, 312)",1
"(422, 350)",1
"(339, 406)",1
"(432, 315)",1
"(259, 201)",1
"(331, 222)",1
"(326, 350)",1
"(294, 234)",1
"(301, 258)",1
"(218, 228)",1
"(329, 270)",1
"(298, 231)",1
"(326, 235)",1
"(503, 259)",1
"(357, 310)",1
"(222, 229)",1
"(377, 301)",1
"(385, 265)",1
"(394, 331)",1
"(209, 350)",1
"(313, 217)",1
"(409, 178)",1
"(473, 315)",1
"(316, 225)",1
"(416, 270)",1
"(388, 263)",1
"(268, 201)",1
"(442, 350)",1
"(324, 323)",1
"(298, 286)",1
"(276, 255)",1
"(317, 242)",1
"(493, 360)",1
"(282, 313)",1
"(323, 195)",1
"(303, 207)",1
"(283, 359)",1
"(300, 230)",1
"(414, 495)",1
"(331, 276)",1
"(370, 284)",1
"(142, 162)",1
"(398, 281)",1
"(178, 322)",1
"(237, 188)",1
"(548, 329)",1
"(328, 321)",1
"(463, 223)",1
"(390, 333)",1
"(381, 440)",1
"(367, 223)",1
"(263, 178)",1
"(267, 287)",1
"(251, 321)",1
"(291, 243)",1
"(404, 334)",1
"(200, 350)",1
"(329, 432)",1
"(310, 295)",1
"(400, 273)",1
"(465, 798)",1
"(285, 361)",1
"(199, 291)",1
"(262, 267)",1
"(220, 365)",1
"(536, 489)",1
"(298, 287)",1
"(248, 249)",1
"(301, 253)",1
"(296, 355)",1
"(336, 321)",1
"(259, 305)",1
"(513, 310)",1
"(262, 294)",1
"(330, 230)",1
"(320, 283)",1
"(314, 219)",1
"(319, 274)",1
"(488, 344)",1
"(487, 274)",1
"(330, 247)",1
"(284, 205)",1
"(355, 278)",1
"(308, 314)",1
"(292, 350)",1
"(326, 218)",1
"(261, 248)",1
"(303, 188)",1
"(279, 626)",1
"(324, 683)",1
"(208, 357)",1
"(512, 337)",1
"(463, 287)",1
"(217, 280)",1
"(367, 234)",1
"(486, 239)",1
"(258, 301)",1
"(281, 279)",1
"(289, 211)",1
"(276, 156)",1
"(656, 591)",1
"(276, 365)",1
"(529, 408)",1
"(388, 306)",1
"(306, 282)",1
"(313, 326)",1
"(284, 359)",1
"(224, 358)",1
"(314, 400)",1
"(396, 308)",1
"(433, 333)",1
"(370, 252)",1
"(480, 395)",1
"(500, 512)",1
"(330, 300)",1
"(212, 332)",1
"(124, 410)",1
"(606, 389)",1
"(314, 222)",1
"(394, 403)",1
"(292, 271)",1
"(332, 209)",1
"(193, 309)",1
"(331, 238)",1
"(325, 299)",1
"(237, 630)",1
"(365, 332)",1
"(428, 279)",1
"(1042, 1307)",1
"(300, 320)",1
"(317, 230)",1
"(483, 417)",1
"(1069, 623)",1
"(438, 360)",1
"(227, 151)",1
"(463, 338)",1
"(243, 309)",1
"(1780, 2455)",1
"(259, 321)",1
"(1495, 3450)",1
"(482, 500)",1
"(504, 311)",1
"(2556, 2027)",1
"(411, 333)",1
"(289, 307)",1
"(2556, 2013)",1
"(592, 529)",1
"(339, 274)",1
"(308, 248)",1
"(2441, 4612)",1
"(467, 484)",1
"(1914, 3075)",1
"(568, 359)",1
"(236, 261)",1
"(140, 385)",1
"(4156, 3718)",1
"(222, 329)",1
"(4778, 3581)",1
"(472, 319)",1
"(1334, 3082)",1
"(148, 298)",1
"(2859, 3803)",1
"(327, 241)",1
"(4874, 3581)",1
"(318, 228)",1
"(2053, 2545)",1
"(300, 203)",1
"(296, 309)",1
"(389, 282)",1
"(4544, 2444)",1
"(459, 346)",1
"(405, 238)",1
"(384, 281)",1
"(259, 375)",1
"(179, 210)",1
"(287, 250)",1
"(376, 347)",1
"(382, 295)",1
"(315, 333)",1
"(374, 303)",1
"(185, 528)",1
"(410, 350)",1
"(383, 286)",1
"(299, 215)",1
"(178, 516)",1
"(396, 329)",1
"(321, 334)",1
"(577, 313)",1
"(181, 508)",1
"(238, 275)",1
"(202, 436)",1
"(305, 208)",1
"(358, 235)",1
"(275, 334)",1
"(280, 537)",1
"(427, 359)",1
"(328, 223)",1
"(320, 281)",1
"(386, 351)",1
"(381, 449)",1
"(442, 356)",1
"(379, 222)",1
"(319, 256)",1
"(184, 528)",1
"(375, 333)",1
"(448, 315)",1
"(315, 300)",1
"(452, 436)",1
"(384, 328)",1
"(238, 245)",1
"(512, 348)",1
"(303, 226)",1
"(478, 377)",1
"(415, 184)",1
"(387, 366)",1
"(383, 333)",1
"(306, 454)",1
"(314, 272)",1
"(379, 264)",1
"(356, 281)",1
"(266, 388)",1
"(381, 251)",1
"(260, 491)",1
"(347, 358)",1
"(497, 487)",1
"(333, 350)",1
"(428, 297)",1
"(311, 266)",1
"(165, 122)",1
"(205, 281)",1
"(300, 174)",1
"(210, 400)",1
"(385, 261)",1
"(352, 426)",1
"(396, 311)",1
"(393, 594)",1
"(376, 473)",1
"(386, 374)",1
"(436, 259)",1
"(451, 340)",1
"(392, 258)",1
"(497, 856)",1
"(475, 315)",1
"(353, 287)",1
"(414, 268)",1
"(382, 450)",1
"(529, 369)",1
"(264, 155)",1
"(255, 159)",1
"(491, 360)",1
"(430, 292)",1
"(600, 390)",1
"(470, 348)",1
"(434, 333)",1
"(467, 338)",1
"(327, 280)",1
"(361, 320)",1
"(388, 314)",1
"(473, 302)",1
"(402, 366)",1
"(232, 264)",1
"(348, 355)",1
"(466, 325)",1
"(513, 427)",1
"(309, 318)",1
"(510, 427)",1
"(383, 353)",1
"(387, 295)",1
"(419, 399)",1
"(227, 270)",1
"(327, 497)",1
"(522, 398)",1
"(360, 188)",1
"(422, 500)",1
"(322, 333)",1
"(324, 496)",1
"(219, 315)",1
"(304, 746)",1
"(279, 405)",1
"(553, 359)",1
"(241, 359)",1
"(271, 212)",1
"(237, 291)",1
"(366, 445)",1
"(366, 272)",1
"(474, 383)",1
"(396, 324)",1
"(500, 754)",1
"(230, 437)",1
"(423, 379)",1
"(301, 349)",1
"(781, 353)",1
"(348, 319)",1
"(508, 496)",1
"(516, 391)",1
"(295, 687)",1
"(613, 616)",1
"(332, 239)",1
"(500, 788)",1
"(392, 307)",1
"(436, 804)",1
"(358, 220)",1
"(216, 233)",1
"(597, 443)",1
"(385, 257)",1
"(498, 371)",1
"(318, 311)",1
"(572, 352)",1
"(382, 269)",1
"(439, 599)",1
"(429, 306)",1
"(515, 427)",1
"(182, 219)",1
"(633, 521)",1
"(365, 298)",1
"(570, 542)",1
"(368, 244)",1
"(261, 316)",1
"(745, 868)",1
"(160, 348)",1
"(465, 771)",1
"(257, 500)",1
"(386, 803)",1
"(316, 263)",1
"(288, 261)",1
"(661, 485)",1
"(236, 345)",1
"(734, 461)",1
"(216, 491)",1
"(643, 673)",1
"(340, 325)",1
"(660, 738)",1
"(597, 350)",1
"(573, 664)",1
"(503, 359)",1
"(481, 653)",1
"(422, 263)",1
"(452, 1461)",1
"(405, 283)",1
"(278, 212)",1
"(782, 442)",1
"(346, 333)",1
"(646, 541)",1
"(396, 333)",1
"(612, 1037)",1
"(234, 381)",1
"(615, 1048)",1
"(573, 359)",1
"(995, 1082)",1
"(1300, 867)",1
"(373, 209)",1
"(825, 562)",1
"(456, 306)",1
"(959, 766)",1
"(338, 333)",1
"(869, 854)",1
"(239, 357)",1
"(1027, 647)",1
"(415, 365)",1
"(219, 198)",1
"(230, 244)",1
"(564, 629)",1
"(402, 208)",1
"(935, 543)",1
"(433, 374)",1
"(1732, 661)",1
"(443, 307)",1
"(1044, 853)",1
"(511, 331)",1
"(801, 628)",1
"(305, 374)",1
"(976, 683)",1
"(317, 293)",1
"(614, 1363)",1
"(394, 428)",1
"(914, 1031)",1
"(226, 285)",1
"(528, 1194)",1
"(421, 314)",1
"(969, 785)",1
"(366, 255)",1
"(279, 198)",1
"(137, 330)",1
"(928, 1199)",1
"(459, 332)",1
"(936, 1225)",1
"(407, 269)",1
"(1041, 1075)",1
"(384, 267)",1
"(1279, 910)",1
"(178, 262)",1
"(1103, 681)",1
"(246, 573)",1
"(1001, 606)",1
"(382, 208)",1
"(1224, 1368)",1
"(1223, 1368)",1
"(472, 346)",1
"(1182, 659)",1
"(171, 599)",1
"(1200, 1168)",1
"(352, 268)",1
"(215, 132)",1
"(291, 241)",1
"(1047, 754)",1
"(335, 250)",1
"(1176, 1375)",1
"(500, 396)",1
"(465, 319)",1
"(1003, 1692)",1
"(345, 252)",1
"(1110, 1606)",1
"(431, 273)",1
"(1000, 1686)",1
"(539, 360)",1
"(1373, 904)",1
"(261, 301)",1
"(1502, 1057)",1
"(301, 398)",1
"(1403, 818)",1
"(324, 360)",1
"(1147, 2870)",1
"(326, 260)",1
"(151, 146)",1
"(275, 250)",1
"(257, 161)",1
"(184, 308)",1
"(1631, 3574)",1
"(335, 378)",1
"(1631, 3590)",1
"(306, 269)",1
"(1780, 1200)",1
"(434, 320)",1
"(2434, 3906)",1
"(297, 270)",1
"(2043, 2535)",1
"(342, 512)",1
"(2756, 2149)",1
"(287, 370)",1
"(2756, 2167)",1
"(214, 407)",1
"(2495, 3400)",1
"(413, 309)",1
"(2495, 3378)",1
"(326, 338)",1
"(2075, 2709)",1
"(378, 287)",1
"(183, 117)",1
"(268, 189)",1
"(2088, 2720)",1
"(413, 335)",1
"(4333, 2715)",1
"(286, 415)",1
"(3588, 3906)",1
"(362, 291)",1
"(3603, 3906)",1
"(310, 379)",1
"(4765, 2411)",1
"(275, 271)",1
"(4557, 3456)",1
"(4914, 4181)",1
"(263, 348)",1
"(411, 271)",1
"(411, 178)",1
"(323, 178)",1
"(456, 485)",1
"(267, 462)",1
"(383, 320)",1
"(225, 544)",1
"(317, 307)",1
"(220, 573)",1
"(330, 249)",1
"(277, 255)",1
"(431, 294)",1
"(416, 700)",1
"(359, 224)",1
"(381, 333)",1
"(366, 334)",1
"(372, 241)",1
"(298, 276)",1
"(268, 639)",1
"(273, 381)",1
"(375, 330)",1
"(249, 183)",1
"(225, 234)",1
"(511, 358)",1
"(358, 286)",1
"(312, 232)",1
"(318, 288)",1
"(370, 239)",1
"(453, 333)",1
"(275, 277)",1
"(318, 255)",1
"(297, 500)",1
"(266, 197)",1
"(251, 191)",1
"(495, 427)",1
"(310, 333)",1
"(355, 507)",1
"(327, 300)",1
"(378, 313)",1
"(361, 285)",1
"(255, 290)",1
"(460, 333)",1
"(402, 332)",1
"(239, 313)",1
"(270, 334)",1
"(460, 301)",1
"(366, 333)",1
"(522, 260)",1
"(451, 308)",1
"(428, 253)",1
"(263, 476)",1
"(384, 205)",1
"(227, 136)",1
"(205, 225)",1
"(373, 276)",1
"(440, 281)",1
"(265, 365)",1
"(492, 288)",1
"(315, 309)",1
"(357, 275)",1
"(375, 320)",1
"(339, 383)",1
"(374, 269)",1
"(192, 267)",1
"(174, 255)",1
"(278, 806)",1
"(315, 283)",1
"(451, 313)",1
"(292, 615)",1
"(291, 333)",1
"(303, 500)",1
"(244, 433)",1
"(324, 244)",1
"(432, 292)",1
"(232, 219)",1
"(282, 350)",1
"(300, 258)",1
"(557, 585)",1
"(594, 525)",1
"(462, 353)",1
"(333, 640)",1
"(476, 299)",1
"(284, 248)",1
"(540, 252)",1
"(450, 247)",1
"(144, 124)",1
"(117, 289)",1
"(175, 390)",1
"(250, 233)",1
"(476, 281)",1
"(443, 281)",1
"(488, 378)",1
"(474, 279)",1
"(349, 280)",1
"(274, 310)",1
"(250, 331)",1
"(331, 334)",1
"(386, 240)",1
"(331, 253)",1
"(249, 499)",1
"(419, 331)",1
"(256, 584)",1
"(402, 272)",1
"(381, 308)",1
"(449, 389)",1
"(395, 315)",1
"(225, 308)",1
"(346, 256)",1
"(367, 571)",1
"(367, 235)",1
"(557, 458)",1
"(375, 319)",1
"(509, 360)",1
"(463, 282)",1
"(324, 302)",1
"(322, 327)",1
"(373, 287)",1
"(366, 299)",1
"(374, 234)",1
"(241, 446)",1
"(320, 333)",1
"(262, 329)",1
"(250, 427)",1
"(412, 640)",1
"(399, 427)",1
"(500, 263)",1
"(444, 242)",1
"(214, 246)",1
"(295, 240)",1
"(357, 530)",1
"(424, 304)",1
"(319, 304)",1
"(476, 490)",1
"(539, 541)",1
"(415, 293)",1
"(337, 488)",1
"(332, 248)",1
"(371, 318)",1
"(220, 323)",1
"(301, 173)",1
"(314, 333)",1
"(306, 538)",1
"(418, 360)",1
"(247, 548)",1
"(344, 279)",1
"(309, 399)",1
"(375, 500)",1
"(309, 519)",1
"(407, 333)",1
"(241, 210)",1
"(263, 154)",1
"(547, 534)",1
"(328, 270)",1
"(494, 400)",1
"(318, 349)",1
"(301, 300)",1
"(275, 347)",1
"(458, 243)",1
"(464, 317)",1
"(543, 350)",1
"(274, 282)",1
"(232, 240)",1
"(384, 253)",1
"(296, 537)",1
"(449, 380)",1
"(485, 278)",1
"(444, 287)",1
"(368, 331)",1
"(347, 458)",1
"(478, 374)",1
"(462, 305)",1
"(396, 281)",1
"(207, 197)",1
"(369, 335)",1
"(473, 600)",1
"(399, 365)",1
"(487, 297)",1
"(565, 359)",1
"(331, 304)",1
"(225, 359)",1
"(391, 333)",1
"(500, 320)",1
"(317, 226)",1
"(224, 180)",1
"(347, 328)",1
"(347, 339)",1
"(257, 617)",1
"(439, 328)",1
"(445, 333)",1
"(463, 334)",1
"(494, 356)",1
"(372, 310)",1
"(341, 523)",1
"(425, 314)",1
"(163, 109)",1
"(145, 343)",1
"(258, 251)",1
"(281, 307)",1
"(315, 393)",1
"(576, 359)",1
"(440, 338)",1
"(349, 281)",1
"(280, 223)",1
"(378, 360)",1
"(290, 589)",1
"(364, 359)",1
"(501, 261)",1
"(281, 214)",1
"(234, 138)",1
"(306, 683)",1
"(323, 319)",1
"(375, 351)",1
"(335, 440)",1
"(457, 418)",1
"(390, 307)",1
"(366, 317)",1
"(371, 346)",1
"(501, 308)",1
"(500, 465)",1
"(293, 210)",1
"(289, 158)",1
"(359, 328)",1
"(420, 305)",1
"(389, 332)",1
"(484, 751)",1
"(347, 456)",1
"(550, 526)",1
"(377, 329)",1
"(400, 560)",1
"(499, 258)",1
"(382, 190)",1
"(600, 620)",1
"(486, 333)",1
"(384, 274)",1
"(396, 226)",1
"(454, 662)",1
"(453, 365)",1
"(374, 333)",1
"(397, 269)",1
"(294, 683)",1
"(254, 245)",1
"(341, 506)",1
"(419, 333)",1
"(389, 360)",1
"(349, 353)",1
"(431, 340)",1
"(370, 338)",1
"(326, 274)",1
"(442, 478)",1
"(206, 282)",1
"(182, 163)",1
"(229, 307)",1
"(467, 333)",1
"(406, 281)",1
"(382, 274)",1
"(500, 307)",1
"(426, 319)",1
"(426, 398)",1
"(398, 600)",1
"(580, 309)",1
"(413, 333)",1
"(419, 377)",1
"(156, 104)",1
"(181, 236)",1
"(308, 324)",1
"(667, 693)",1
"(445, 400)",1
"(419, 293)",1
"(330, 281)",1
"(270, 720)",1
"(560, 626)",1
"(380, 245)",1
"(224, 267)",1
"(235, 201)",1
"(353, 655)",1
"(321, 301)",1
"(697, 300)",1
"(500, 423)",1
"(370, 306)",1
"(429, 375)",1
"(500, 348)",1
"(393, 500)",1
"(427, 582)",1
"(500, 421)",1
"(345, 267)",1
"(183, 263)",1
"(460, 340)",1
"(395, 325)",1
"(343, 275)",1
"(420, 400)",1
"(383, 313)",1
"(391, 706)",1
"(284, 684)",1
"(432, 407)",1
"(455, 302)",1
"(171, 107)",1
"(287, 367)",1
"(377, 280)",1
"(360, 313)",1
"(476, 317)",1
"(303, 287)",1
"(321, 727)",1
"(439, 375)",1
"(339, 370)",1
"(150, 317)",1
"(145, 348)",1
"(273, 255)",1
"(407, 357)",1
"(397, 322)",1
"(488, 287)",1
"(389, 400)",1
"(404, 351)",1
"(380, 589)",1
"(433, 462)",1
"(406, 287)",1
"(500, 404)",1
"(410, 428)",1
"(199, 163)",1
"(178, 360)",1
"(278, 526)",1
"(420, 267)",1
"(414, 321)",1
"(500, 296)",1
"(369, 283)",1
"(460, 360)",1
"(360, 423)",1
"(394, 555)",1
"(309, 210)",1
"(613, 626)",1
"(308, 337)",1
"(356, 400)",1
"(365, 350)",1
"(345, 316)",1
"(394, 333)",1
"(507, 315)",1
"(560, 401)",1
"(529, 444)",1
"(206, 126)",1
"(151, 262)",1
"(480, 271)",1
"(408, 561)",1
"(420, 420)",1
"(398, 563)",1
"(430, 660)",1
"(557, 350)",1
"(580, 710)",1
"(470, 325)",1
"(541, 458)",1
"(259, 359)",1
"(435, 282)",1
"(417, 403)",1
"(397, 313)",1
"(427, 330)",1
"(366, 474)",1
"(509, 368)",1
"(690, 534)",1
"(418, 349)",1
"(500, 266)",1
"(384, 275)",1
"(320, 236)",1
"(504, 368)",1
"(439, 400)",1
"(317, 429)",1
"(364, 536)",1
"(429, 339)",1
"(539, 255)",1
"(495, 315)",1
"(346, 335)",1
"(695, 540)",1
"(500, 250)",1
"(208, 130)",1
"(256, 267)",1
"(419, 359)",1
"(370, 525)",1
"(481, 330)",1
"(548, 418)",1
"(430, 498)",1
"(483, 444)",1
"(423, 392)",1
"(397, 369)",1
"(495, 312)",1
"(337, 319)",1
"(505, 345)",1
"(519, 466)",1
"(309, 677)",1
"(593, 344)",1
"(298, 617)",1
"(548, 476)",1
"(409, 375)",1
"(357, 333)",1
"(302, 206)",1
"(299, 206)",1
"(507, 335)",1
"(667, 610)",1
"(500, 440)",1
"(547, 450)",1
"(400, 469)",1
"(488, 473)",1
"(423, 483)",1
"(453, 565)",1
"(372, 297)",1
"(177, 210)",1
"(397, 323)",1
"(373, 403)",1
"(414, 426)",1
"(419, 521)",1
"(610, 634)",1
"(421, 354)",1
"(296, 587)",1
"(402, 333)",1
